# Made in Blockbench 5.1.6
mtllib airliner.mtl

o TurboFans_Circle
v 2.941799 0.38811399999999985 2.527476
v 2.82923 0.3539669999999999 2.527476
v 2.82923 0.3539669999999999 2.594275
v 2.941799 0.38811399999999985 2.594275
v 2.9418 -0.7889739999999996 2.527476
v 3.058869 -0.8005040000000001 2.527476
v 3.058869 -0.8005040000000001 2.594275
v 2.9418 -0.7889739999999996 2.594275
v 2.725485 0.29851399999999995 2.527476
v 2.725485 0.29851399999999995 2.594275
v 3.175937 -0.7889739999999996 2.527476
v 3.175937 -0.7889739999999996 2.594275
v 2.634551 0.2238870000000004 2.527476
v 2.634551 0.2238870000000004 2.594275
v 3.288507 -0.7548260000000004 2.527476
v 3.288507 -0.7548260000000004 2.594275
v 2.559924 0.1329539999999998 2.527476
v 2.559924 0.1329539999999998 2.594275
v 3.392252 -0.6993729999999996 2.527476
v 3.392252 -0.6993729999999996 2.594275
v 2.504472 0.02920899999999982 2.527476
v 2.504472 0.02920899999999982 2.594275
v 3.658942 -0.20042999999999989 2.527476
v 3.647412 -0.08336100000000002 2.527476
v 3.647412 -0.08336100000000002 2.594275
v 3.658942 -0.20042999999999989 2.594275
v 3.483185 -0.624746 2.527476
v 3.483185 -0.624746 2.594275
v 2.470324 -0.08336100000000002 2.527476
v 2.470324 -0.08336100000000002 2.594275
v 3.613264 0.02920899999999982 2.527476
v 3.613264 0.02920899999999982 2.594275
v 3.557812 -0.5338130000000003 2.527476
v 3.557812 -0.5338130000000003 2.594275
v 2.458794 -0.20042999999999989 2.527476
v 2.458794 -0.20042999999999989 2.594275
v 3.557811 0.1329539999999998 2.527476
v 3.557811 0.1329539999999998 2.594275
v 3.613264 -0.43006800000000034 2.527476
v 3.613264 -0.43006800000000034 2.594275
v 2.470324 -0.31749899999999975 2.527476
v 2.470324 -0.31749899999999975 2.594275
v 3.483184 0.2238870000000004 2.527476
v 3.483184 0.2238870000000004 2.594275
v 3.647412 -0.3174979999999996 2.527476
v 3.647412 -0.3174979999999996 2.594275
v 2.504472 -0.43006800000000034 2.527476
v 2.504472 -0.43006800000000034 2.594275
v 3.392251 0.29851399999999995 2.527476
v 3.392251 0.29851399999999995 2.594275
v 2.559925 -0.5338130000000003 2.527476
v 2.559925 -0.5338130000000003 2.594275
v 3.288507 0.3539669999999999 2.527476
v 3.288507 0.3539669999999999 2.594275
v 2.634552 -0.6247470000000002 2.527476
v 2.634552 -0.6247470000000002 2.594275
v 3.175937 0.38811399999999985 2.527476
v 3.175937 0.38811399999999985 2.594275
v 2.725485 -0.6993729999999996 2.527476
v 2.725485 -0.6993739999999997 2.594275
v 3.058868 0.39964400000000033 2.527476
v 3.058868 0.39964400000000033 2.594275
v 2.82923 -0.7548260000000004 2.527476
v 2.82923 -0.7548269999999997 2.594275
v 3.371131 0.2669050000000004 2.60901
v 3.456303 0.19700600000000001 2.60901
v 3.620926 -0.20042999999999989 2.60901
v 3.610126 -0.3100810000000003 2.60901
v 2.591534 -0.5126929999999996 2.60901
v 2.539594 -0.41552100000000003 2.60901
v 3.273958 0.31884400000000035 2.60901
v 2.661433 -0.5978649999999996 2.60901
v 3.16852 0.35082900000000006 2.60901
v 2.746606 -0.6677650000000002 2.60901
v 3.058868 0.36162899999999976 2.60901
v 2.843778 -0.7197040000000001 2.60901
v 2.949216 0.35082900000000006 2.60901
v 2.949216 -0.7516879999999997 2.60901
v 2.843778 0.3188449999999996 2.60901
v 3.058869 -0.7624880000000003 2.60901
v 2.746605 0.2669050000000004 2.60901
v 3.168521 -0.7516879999999997 2.60901
v 2.661433 0.19700600000000001 2.60901
v 3.273959 -0.7197040000000001 2.60901
v 2.591533 0.11183299999999985 2.60901
v 3.371131 -0.667764 2.60901
v 2.539594 0.014661000000000257 2.60901
v 3.610126 -0.09077700000000011 2.60901
v 3.456304 -0.5978649999999996 2.60901
v 2.507609 -0.09077800000000025 2.60901
v 3.578142 0.014661000000000257 2.60901
v 3.526203 -0.5126920000000004 2.60901
v 2.496809 -0.20042999999999989 2.60901
v 3.526202 0.11183299999999985 2.60901
v 3.578142 -0.41551899999999975 2.60901
v 2.507609 -0.3100820000000004 2.60901
v 2.776389 0.2223309999999996 2.60901
v 2.864293 0.2693159999999999 2.60901
v 3.158062 -0.699109 2.60901
v 3.058869 -0.7088789999999996 2.60901
v 2.69934 0.15909800000000018 2.60901
v 3.253444 -0.6701759999999997 2.60901
v 2.636108 0.0820489999999996 2.60901
v 3.341348 -0.623189 2.60901
v 2.589122 -0.005855000000000388 2.60901
v 3.557547 -0.1012360000000001 2.60901
v 3.567317 -0.20042999999999989 2.60901
v 3.418396 -0.5599569999999998 2.60901
v 2.560188 -0.1012360000000001 2.60901
v 3.528614 -0.005855000000000388 2.60901
v 3.481628 -0.4829080000000001 2.60901
v 2.550419 -0.20042999999999989 2.60901
v 3.481628 0.0820489999999996 2.60901
v 3.528614 -0.39500400000000013 2.60901
v 2.560188 -0.2996230000000004 2.60901
v 3.418396 0.15909800000000018 2.60901
v 3.557548 -0.2996230000000004 2.60901
v 2.589122 -0.3950050000000003 2.60901
v 3.341347 0.2223309999999996 2.60901
v 2.636108 -0.48290900000000025 2.60901
v 3.253443 0.2693159999999999 2.60901
v 2.699341 -0.559958 2.60901
v 3.158062 0.29825000000000035 2.60901
v 2.776389 -0.6231900000000001 2.60901
v 3.058868 0.30801999999999996 2.60901
v 2.864293 -0.6701759999999997 2.60901
v 2.959675 0.29825000000000035 2.60901
v 2.959675 -0.6991100000000001 2.60901
v 2.609706 0.2438640000000003 2.530948
v 2.530981 0.14793699999999976 2.530948
v 3.299573 -0.7885949999999999 2.530948
v 3.409015 -0.7300969999999998 2.530948
v 2.472483 0.03849500000000017 2.530948
v 3.690351 -0.203754 2.530948
v 3.678187 -0.08025699999999958 2.530948
v 3.504942 -0.6513720000000003 2.530948
v 2.43646 -0.08025699999999958 2.530948
v 3.642164 0.03849500000000017 2.530948
v 3.583667 -0.5554449999999997 2.530948
v 2.424296 -0.203754 2.530948
v 3.583667 0.14793699999999976 2.530948
v 3.642165 -0.446002 2.530948
v 2.43646 -0.32725199999999965 2.530948
v 3.504941 0.2438640000000003 2.530948
v 3.678188 -0.3272510000000004 2.530948
v 2.472483 -0.4460040000000003 2.530948
v 3.409015 0.32258799999999965 2.530948
v 2.530981 -0.5554459999999999 2.530948
v 3.299573 0.3810859999999998 2.530948
v 2.609706 -0.6513730000000004 2.530948
v 3.180821 0.41710899999999995 2.530948
v 2.705633 -0.7300979999999999 2.530948
v 3.057324 0.42927300000000024 2.530948
v 2.815075 -0.7885960000000001 2.530948
v 2.933826 0.41710899999999995 2.530948
v 2.933827 -0.8246180000000001 2.530948
v 2.815075 0.3810859999999998 2.530948
v 3.057324 -0.8367820000000004 2.530948
v 2.705633 0.32258799999999965 2.530948
v 3.180822 -0.8246180000000001 2.530948
v 2.43646 -0.32725199999999965 1.917897
v 2.424296 -0.203754 1.917897
v 2.424296 -0.203754 1.655017
v 2.43646 -0.32725199999999965 1.655017
v 3.504941 0.2438640000000003 1.917897
v 3.583667 0.14793699999999976 1.917897
v 3.583667 0.14793699999999976 1.655017
v 3.504941 0.2438640000000003 1.655017
v 3.678188 -0.3272510000000004 1.917897
v 3.642165 -0.446002 1.917897
v 3.642165 -0.446002 1.655017
v 3.678188 -0.3272510000000004 1.655017
v 2.472483 -0.4460040000000003 1.917897
v 2.472483 -0.4460040000000003 1.655017
v 3.409015 0.32258799999999965 1.917897
v 3.409015 0.32258799999999965 1.655017
v 3.690351 -0.203754 1.917897
v 3.690351 -0.203754 1.655017
v 2.530981 -0.5554459999999999 1.917897
v 2.530981 -0.5554459999999999 1.655017
v 3.299573 0.38108699999999995 1.917897
v 3.299573 0.38108699999999995 1.655017
v 2.609706 -0.6513730000000004 1.917897
v 2.609706 -0.6513730000000004 1.655017
v 3.180821 0.41710899999999995 1.917897
v 3.180821 0.41710899999999995 1.655017
v 2.705633 -0.7300979999999999 1.917897
v 2.705633 -0.7300979999999999 1.655017
v 2.815075 0.38108699999999995 2.092982
v 2.818931 0.34194000000000013 2.530948
v 2.818931 0.34194000000000013 2.092982
v 2.815075 -0.7885960000000001 1.917897
v 2.815075 -0.7885960000000001 1.655017
v 3.057324 0.42927300000000024 1.655017
v 2.933826 0.41710899999999995 1.655017
v 2.937682 0.37796300000000027 1.655017
v 3.06118 0.39012699999999967 1.655017
v 2.933827 -0.8246180000000001 1.917897
v 2.933827 -0.8246180000000001 1.655017
v 3.06118 0.39012699999999967 2.530948
v 2.937682 0.37796300000000027 2.530948
v 3.057324 -0.8367820000000004 1.917897
v 3.057324 -0.8367820000000004 1.655017
v 2.705633 0.32258799999999965 1.917897
v 2.815075 0.38108699999999995 1.917897
v 2.815075 0.38108699999999995 1.655017
v 2.705633 0.32258799999999965 1.655017
v 3.180822 -0.8246180000000001 1.917897
v 3.180822 -0.8246180000000001 1.655017
v 2.609706 0.2438640000000003 1.917897
v 2.609706 0.2438640000000003 1.655017
v 3.299573 -0.7885949999999999 1.917897
v 3.299573 -0.7885949999999999 1.655017
v 2.530981 0.14793699999999976 1.917897
v 2.530981 0.14793699999999976 1.655017
v 3.409015 -0.7300969999999998 1.917897
v 3.409015 -0.7300969999999998 1.655017
v 2.472483 0.03849500000000017 1.917897
v 2.472483 0.03849500000000017 1.655017
v 3.678187 -0.08025699999999958 1.917897
v 3.678187 -0.08025699999999958 1.655017
v 3.504942 -0.6513720000000003 1.917897
v 3.504942 -0.6513720000000003 1.655017
v 2.43646 -0.08025699999999958 1.917897
v 2.43646 -0.08025699999999958 1.655017
v 3.642164 0.03849500000000017 1.917897
v 3.642164 0.03849500000000017 1.655017
v 3.583667 -0.5554449999999997 1.917897
v 3.583667 -0.5554449999999997 1.655017
v 2.530981 -0.5554459999999999 1.300993
v 2.609706 -0.6513730000000004 1.300993
v 3.299573 0.38108699999999995 1.300993
v 3.180821 0.41710899999999995 1.300993
v 2.705633 -0.7300979999999999 1.300993
v 3.057324 0.42927300000000024 1.300993
v 2.815075 -0.7885960000000001 1.300993
v 2.933826 0.41710899999999995 1.300993
v 2.933827 -0.8246180000000001 1.300993
v 2.815075 0.38108699999999995 1.300993
v 3.057324 -0.8367820000000004 1.300993
v 2.705633 0.32258799999999965 1.300993
v 3.180822 -0.8246180000000001 1.300993
v 2.609706 0.2438640000000003 1.300993
v 3.299573 -0.7885949999999999 1.300993
v 2.530981 0.14793699999999976 1.300993
v 3.409015 -0.7300969999999998 1.300993
v 2.472483 0.03849500000000017 1.300993
v 3.690351 -0.203754 1.300993
v 3.678187 -0.08025699999999958 1.300993
v 3.504942 -0.6513720000000003 1.300993
v 2.43646 -0.08025699999999958 1.300993
v 3.642164 0.03849500000000017 1.300993
v 3.583667 -0.5554449999999997 1.300993
v 2.424296 -0.203754 1.300993
v 3.583667 0.14793699999999976 1.300993
v 3.642165 -0.446002 1.300993
v 2.43646 -0.32725199999999965 1.300993
v 3.504941 0.2438640000000003 1.300993
v 3.678188 -0.3272510000000004 1.300993
v 2.472483 -0.4460040000000003 1.300993
v 3.409015 0.32258799999999965 1.300993
v 2.859063 -0.6824000000000003 1.300992
v 2.956251 -0.7118820000000001 1.300992
v 2.956251 0.304373 1.300992
v 2.859062 0.2748910000000002 1.300992
v 3.057324 -0.7218359999999997 1.300992
v 2.769493 0.22701499999999974 1.300992
v 3.158397 -0.711881 1.300992
v 2.690985 0.16258499999999998 1.300992
v 3.255585 -0.6823990000000002 1.300992
v 2.626554 0.0840759999999996 1.300992
v 3.345155 -0.6345229999999997 1.300992
v 2.578678 -0.005493000000000414 1.300992
v 3.575405 -0.203754 1.300993
v 3.56545 -0.10268199999999972 1.300993
v 3.423663 -0.570093 1.300992
v 2.549197 -0.10268199999999972 1.300992
v 3.535969 -0.005493000000000414 1.300993
v 3.488093 -0.4915849999999997 1.300992
v 2.539242 -0.203754 1.300992
v 3.488093 0.0840759999999996 1.300993
v 3.535969 -0.40201499999999957 1.300992
v 2.549197 -0.3048270000000004 1.300992
v 3.423663 0.16258499999999998 1.300993
v 3.565451 -0.30482600000000026 1.300992
v 2.578679 -0.4020159999999997 1.300992
v 3.345155 0.22701499999999974 1.300993
v 2.626554 -0.49158599999999986 1.300992
v 3.255585 0.2748910000000002 1.300993
v 2.690985 -0.5700940000000001 1.300992
v 3.158396 0.304373 1.300993
v 2.769493 -0.6345239999999999 1.300992
v 3.057324 0.3143269999999996 1.300993
v 3.139383 -0.6162919999999996 1.162529
v 3.218288 -0.5923559999999997 1.162529
v 2.759901 0.09366800000000008 1.162529
v 2.707592 0.029929000000000094 1.162529
v 3.291008 -0.5534860000000004 1.162529
v 2.668722 -0.042790000000000106 1.162529
v 3.477943 -0.203754 1.162529
v 3.469861 -0.12169600000000003 1.162529
v 3.354747 -0.5011770000000002 1.162529
v 2.644787 -0.12169600000000003 1.162529
v 3.445925 -0.042790000000000106 1.162529
v 3.407056 -0.4374380000000002 1.162529
v 2.636704 -0.203754 1.162529
v 3.407056 0.029929000000000094 1.162529
v 3.445925 -0.3647179999999999 1.162529
v 2.644787 -0.2858130000000001 1.162529
v 3.354746 0.09366800000000008 1.162529
v 3.469861 -0.28581199999999995 1.162529
v 2.668723 -0.3647179999999999 1.162529
v 3.291007 0.14597700000000025 1.162529
v 2.707592 -0.4374380000000002 1.162529
v 3.218288 0.18484700000000043 1.162529
v 2.759902 -0.5011770000000002 1.162529
v 3.139382 0.20878300000000038 1.162529
v 2.823641 -0.5534860000000004 1.162529
v 3.057324 0.2168650000000003 1.162529
v 2.89636 -0.5923559999999997 1.162529
v 2.975265 0.20878300000000038 1.162529
v 2.975266 -0.6162919999999996 1.162529
v 2.89636 0.18484700000000043 1.162529
v 3.057324 -0.6243730000000003 1.162529
v 2.82364 0.14597700000000025 1.162529
v 3.270189 -0.16141299999999958 0.55131
v 3.257838 -0.12069799999999997 0.55131
v 3.210791 -0.35722200000000015 0.55131
v 3.237782 -0.3243330000000002 0.55131
v 2.844459 -0.16141299999999958 0.55131
v 2.840288 -0.203754 0.55131
v 3.237782 -0.08317599999999992 0.55131
v 3.257839 -0.28681 0.55131
v 2.844459 -0.24609599999999965 0.55131
v 3.210791 -0.05028699999999997 0.55131
v 3.270189 -0.24609599999999965 0.55131
v 2.856809 -0.28681 0.55131
v 3.177902 -0.023296000000000205 0.55131
v 3.274359 -0.203754 0.55131
v 2.876865 -0.3243330000000002 0.55131
v 3.14038 -0.0032399999999999096 0.55131
v 2.903857 -0.35722200000000015 0.55131
v 3.099665 0.00911099999999987 0.55131
v 2.936745 -0.3842129999999999 0.55131
v 3.057324 0.013281000000000098 0.55131
v 2.974268 -0.4042690000000002 0.55131
v 3.014982 0.00911099999999987 0.55131
v 3.014983 -0.41662 0.55131
v 2.974268 -0.0032399999999999096 0.55131
v 3.057324 -0.4207900000000002 0.55131
v 2.936745 -0.023296000000000205 0.55131
v 3.099666 -0.41662 0.55131
v 2.903857 -0.05028699999999997 0.55131
v 3.14038 -0.4042690000000002 0.55131
v 2.876865 -0.08317599999999992 0.55131
v 3.177902 -0.3842119999999998 0.55131
v 2.856809 -0.12069799999999997 0.55131
v 3.174723 -0.08635600000000032 0.55131
v 3.149564 -0.06570799999999988 0.55131
v 3.220161 -0.2361449999999996 0.55131
v 3.223351 -0.203754 0.55131
v 2.903935 -0.26729 0.55131
v 2.919278 -0.2959940000000003 0.55131
v 3.12086 -0.050365000000000215 0.55131
v 2.939925 -0.3211529999999998 0.55131
v 3.089714 -0.040917000000000314 0.55131
v 2.965084 -0.34180100000000024 0.55131
v 3.057324 -0.03772700000000029 0.55131
v 2.993788 -0.35714299999999977 0.55131
v 3.024934 -0.040917000000000314 0.55131
v 3.024934 -0.36659099999999967 0.55131
v 2.993788 -0.050365000000000215 0.55131
v 3.057324 -0.3697809999999997 0.55131
v 2.965084 -0.06570799999999988 0.55131
v 3.089714 -0.36659099999999967 0.55131
v 2.939925 -0.08635600000000032 0.55131
v 3.12086 -0.35714299999999977 0.55131
v 2.919278 -0.11151499999999981 0.55131
v 3.149564 -0.34180100000000024 0.55131
v 2.903935 -0.1402190000000001 0.55131
v 3.220161 -0.17136399999999963 0.55131
v 3.174723 -0.3211529999999998 0.55131
v 2.894487 -0.17136399999999963 0.55131
v 3.210713 -0.1402190000000001 0.55131
v 3.19537 -0.2959940000000003 0.55131
v 2.891297 -0.203754 0.55131
v 3.19537 -0.11151499999999981 0.55131
v 3.210713 -0.26729 0.55131
v 2.894487 -0.2361449999999996 0.55131
v 3.089714 -0.040917000000000314 0.606116
v 3.057324 -0.03772700000000029 0.606116
v 2.965084 -0.34180100000000024 0.606116
v 2.993788 -0.35714299999999977 0.606116
v 3.024934 -0.040917000000000314 0.606116
v 3.024934 -0.36659099999999967 0.606116
v 2.993788 -0.050365000000000215 0.606116
v 3.057324 -0.3697809999999997 0.606116
v 2.965084 -0.06570799999999988 0.606116
v 3.089714 -0.36659099999999967 0.606116
v 2.939925 -0.08635600000000032 0.606116
v 3.12086 -0.35714299999999977 0.606116
v 2.919278 -0.11151499999999981 0.606116
v 3.149564 -0.34180100000000024 0.606116
v 2.903935 -0.1402190000000001 0.606116
v 3.223351 -0.203754 0.606116
v 3.220161 -0.17136399999999963 0.606116
v 3.174723 -0.3211529999999998 0.606116
v 2.894487 -0.17136399999999963 0.606116
v 3.210713 -0.1402190000000001 0.606116
v 3.19537 -0.2959940000000003 0.606116
v 2.891297 -0.203754 0.606116
v 3.19537 -0.11151499999999981 0.606116
v 3.210713 -0.26729 0.606116
v 2.894487 -0.2361449999999996 0.606116
v 3.174723 -0.08635600000000032 0.606116
v 3.220161 -0.2361449999999996 0.606116
v 2.903935 -0.26729 0.606116
v 3.149564 -0.06570799999999988 0.606116
v 2.919278 -0.2959940000000003 0.606116
v 3.12086 -0.050365000000000215 0.606116
v 2.939925 -0.3211529999999998 0.606116
v 2.993788 -0.050365000000000215 0.276654
v 2.965084 -0.06570799999999988 0.276654
v 3.057324 -0.3697809999999997 0.276654
v 3.089714 -0.36659099999999967 0.276654
v 2.939925 -0.08635600000000032 0.276654
v 3.12086 -0.35714299999999977 0.276654
v 2.919278 -0.11151499999999981 0.276654
v 3.149564 -0.34180100000000024 0.276654
v 2.903935 -0.1402190000000001 0.276654
v 3.223351 -0.203754 0.276654
v 3.220161 -0.17136399999999963 0.276654
v 3.174723 -0.3211529999999998 0.276654
v 2.894487 -0.17136399999999963 0.276654
v 3.210713 -0.1402190000000001 0.276654
v 3.19537 -0.2959940000000003 0.276654
v 2.891297 -0.203754 0.276654
v 3.19537 -0.11151499999999981 0.276654
v 3.210713 -0.26729 0.276654
v 2.894487 -0.2361449999999996 0.276654
v 3.174723 -0.08635600000000032 0.276654
v 3.220161 -0.2361449999999996 0.276654
v 2.903935 -0.26729 0.276654
v 3.149564 -0.06570799999999988 0.276654
v 2.919278 -0.2959940000000003 0.276654
v 3.12086 -0.050365000000000215 0.276654
v 2.939925 -0.3211529999999998 0.276654
v 3.089714 -0.040917000000000314 0.276654
v 2.965084 -0.34180100000000024 0.276654
v 3.057324 -0.03772700000000029 0.276654
v 2.993788 -0.35714299999999977 0.276654
v 3.024934 -0.040917000000000314 0.276654
v 3.024934 -0.36659099999999967 0.276654
v 2.659113 -0.03484599999999993 2.60901
v 2.699098 0.03996099999999991 2.60901
v 3.483246 -0.11601600000000012 2.60901
v 3.49156 -0.20042999999999989 2.60901
v 3.364828 -0.5063890000000004 2.60901
v 3.299259 -0.5602 2.60901
v 2.63449 -0.11601600000000012 2.60901
v 3.458623 -0.03484599999999993 2.60901
v 3.418638 -0.44082000000000043 2.60901
v 2.626176 -0.20042999999999989 2.60901
v 3.418638 0.03996099999999991 2.60901
v 3.458624 -0.3660129999999997 2.60901
v 2.63449 -0.28484399999999965 2.60901
v 3.364827 0.1055299999999999 2.60901
v 3.483246 -0.2848430000000004 2.60901
v 2.659113 -0.36601399999999984 2.60901
v 3.299259 0.15934000000000026 2.60901
v 2.699098 -0.4408209999999997 2.60901
v 3.224452 0.19932600000000011 2.60901
v 2.752909 -0.5063890000000004 2.60901
v 3.143282 0.22394800000000004 2.60901
v 2.818478 -0.5602 2.60901
v 3.058868 0.2322620000000004 2.60901
v 2.893284 -0.6001849999999997 2.60901
v 2.974454 0.22394800000000004 2.60901
v 2.974454 -0.6248079999999998 2.60901
v 2.893284 0.19932600000000011 2.60901
v 3.058868 -0.633121 2.60901
v 2.818477 0.15934000000000026 2.60901
v 3.143282 -0.6248069999999997 2.60901
v 2.752909 0.1055299999999999 2.60901
v 3.224452 -0.6001849999999997 2.60901
v 2.63827 -0.28409200000000023 2.506285
v 2.63003 -0.20042999999999989 2.506285
v 3.362102 0.10280500000000004 2.506285
v 3.415434 0.037819999999999965 2.506285
v 3.479466 -0.2840910000000001 2.506285
v 3.455063 -0.3645379999999996 2.506285
v 2.662674 -0.3645389999999997 2.506285
v 3.297118 0.15613600000000005 2.506285
v 3.487706 -0.20042999999999989 2.506285
v 2.702303 -0.43867999999999974 2.506285
v 3.222977 0.19576499999999974 2.506285
v 2.755634 -0.5036639999999997 2.506285
v 3.14253 0.22016800000000014 2.506285
v 2.820619 -0.5569949999999997 2.506285
v 3.058868 0.22840799999999994 2.506285
v 2.894759 -0.5966240000000003 2.506285
v 2.975206 0.22016800000000014 2.506285
v 2.975206 -0.6210279999999999 2.506285
v 2.894759 0.19576499999999974 2.506285
v 3.058868 -0.6292679999999997 2.506285
v 2.820619 0.15613600000000005 2.506285
v 3.142531 -0.6210269999999998 2.506285
v 2.755634 0.10280500000000004 2.506285
v 3.222978 -0.5966240000000003 2.506285
v 2.702302 0.037819999999999965 2.506285
v 3.297118 -0.5569949999999997 2.506285
v 2.662674 -0.03632100000000005 2.506285
v 3.479466 -0.11676700000000029 2.506285
v 3.362103 -0.5036639999999997 2.506285
v 2.63827 -0.11676800000000043 2.506285
v 3.455063 -0.03632100000000005 2.506285
v 3.415434 -0.4386789999999996 2.506285
v 2.63827 -0.28409200000000023 2.30169
v 2.63003 -0.20042999999999989 2.30169
v 2.93913 0.4670909999999999 2.423662
v 2.876737 0.4791759999999998 2.293703
v 2.981766 0.571936 -0.608892
v 3.021122 0.575812 -0.60892
v 3.184677 0.37796300000000027 1.917897
v 3.184677 0.37796300000000027 1.655017
v 3.10926 0.4981359999999997 1.736682
v 3.10926 0.49931899999999985 1.903804
v 2.818931 0.34194000000000013 1.655017
v 3.184677 0.37796300000000027 2.530948
v 3.10926 0.7426769999999996 1.483677
v 3.10926 0.7438589999999996 1.650798
v 3.042879 0.477309 2.42359
v 3.023241 0.9642270000000002 1.838523
v 2.958769 0.9578769999999999 1.838568
v 3.013672 0.7612670000000001 -0.640614
v 3.10926 0.5020759999999997 2.293541
v 2.876737 0.47720499999999966 2.015274
v 2.876737 0.47523499999999963 1.736844
v 3.023241 0.9619629999999999 1.262343
v 2.958769 0.9556129999999996 1.262388
v 2.989215 0.758858 -0.640597
v 2.876737 0.7209589999999997 1.65096
v 2.876737 0.7197760000000004 1.483839
v 2.876737 0.7237159999999996 2.040697
v 3.10926 0.7466169999999996 2.040535
v 2.876737 0.7217460000000004 1.762268
v 3.142531 -0.6210279999999999 2.30169
v 3.222978 -0.5966240000000003 2.30169
v 3.222978 -0.5966240000000003 2.177366
v 3.142531 -0.6210279999999999 2.177366
v 3.362102 0.10280500000000004 2.30169
v 3.415434 0.037819999999999965 2.30169
v 3.479466 -0.2840910000000001 2.30169
v 3.455063 -0.3645379999999996 2.30169
v 2.662674 -0.3645389999999997 2.30169
v 3.297118 0.15613600000000005 2.30169
v 3.487706 -0.20042999999999989 2.30169
v 2.702303 -0.43867999999999974 2.30169
v 3.222977 0.19576499999999974 2.30169
v 2.755634 -0.5036639999999997 2.30169
v 3.14253 0.22016800000000014 2.30169
v 2.820619 -0.5569959999999998 2.30169
v 3.058868 0.22840799999999994 2.30169
v 2.894759 -0.5966240000000003 2.30169
v 2.975206 0.22016800000000014 2.30169
v 2.975206 -0.6210279999999999 2.30169
v 2.894759 0.19576499999999974 2.30169
v 3.058868 -0.6292679999999997 2.30169
v 2.820619 0.15613600000000005 2.30169
v 2.755634 0.10280500000000004 2.30169
v 2.702302 0.037819999999999965 2.30169
v 3.297118 -0.5569949999999997 2.30169
v 2.662674 -0.03632100000000005 2.30169
v 3.479466 -0.11676700000000029 2.30169
v 3.362103 -0.5036639999999997 2.30169
v 2.63827 -0.11676800000000043 2.30169
v 3.455063 -0.03632100000000005 2.30169
v 3.415434 -0.4386789999999996 2.30169
v 3.479466 -0.11676700000000029 2.177366
v 3.455063 -0.03632100000000005 2.177366
v 3.415434 0.037819999999999965 2.177366
v 3.362102 0.10280500000000004 2.177366
v 2.702302 0.037819999999999965 2.177366
v 2.755634 0.10280500000000004 2.177366
v 3.297118 -0.5569949999999997 2.177366
v 2.662674 -0.03632100000000005 2.177366
v 3.487706 -0.20042999999999989 2.177366
v 3.362103 -0.5036639999999997 2.177366
v 2.63827 -0.11676800000000043 2.177366
v 3.415434 -0.4386789999999996 2.177366
v 2.63003 -0.20042999999999989 2.177366
v 3.455063 -0.3645379999999996 2.177366
v 2.63827 -0.28409200000000023 2.177366
v 3.479466 -0.2840910000000001 2.177366
v 2.662674 -0.3645389999999997 2.177366
v 3.297118 0.15613600000000005 2.177366
v 2.702303 -0.43867999999999974 2.177366
v 3.222977 0.19576499999999974 2.177366
v 2.755634 -0.5036639999999997 2.177366
v 3.14253 0.22016800000000014 2.177366
v 2.820619 -0.5569959999999998 2.177366
v 3.058868 0.22840799999999994 2.177366
v 2.894759 -0.5966240000000003 2.177366
v 2.975206 0.22016800000000014 2.177366
v 2.975206 -0.6210279999999999 2.177366
v 2.894759 0.19576499999999974 2.177366
v 3.058868 -0.6292679999999997 2.177366
v 2.820619 0.15613600000000005 2.177366
v 2.876737 0.4764179999999998 1.903966
v 2.958769 0.9562600000000003 1.426943
v 3.023241 0.9626089999999996 1.426898
v 3.10926 0.7446469999999996 1.762106
v 2.818931 0.34194000000000013 1.917897
v 3.10926 0.5001059999999997 2.015111
v 3.180821 0.41710899999999995 2.092982
v 3.184677 0.37796300000000027 2.092982
v 3.583667 -0.5554449999999997 2.092982
v 3.642165 -0.446002 2.092982
v 3.642164 0.03849500000000017 2.092982
v 3.583667 0.14793699999999976 2.092982
v 2.43646 -0.08025699999999958 2.092982
v 2.424296 -0.203754 2.092982
v 3.504942 -0.6513720000000003 2.092982
v 3.678187 -0.08025699999999958 2.092982
v 2.472483 0.03849500000000017 2.092982
v 3.409015 -0.7300969999999998 2.092982
v 3.690351 -0.203754 2.092982
v 2.530981 0.14793699999999976 2.092982
v 3.299573 -0.7885949999999999 2.092982
v 2.609706 0.2438640000000003 2.092982
v 3.180822 -0.8246180000000001 2.092982
v 2.705633 0.32258799999999965 2.092982
v 3.057324 -0.8367820000000004 2.092982
v 2.933827 -0.8246180000000001 2.092982
v 2.815075 -0.7885960000000001 2.092982
v 2.705633 -0.7300979999999999 2.092982
v 2.609706 -0.6513730000000004 2.092982
v 3.299573 0.38108699999999995 2.092982
v 2.530981 -0.5554459999999999 2.092982
v 3.409015 0.32258799999999965 2.092982
v 2.472483 -0.4460040000000003 2.092982
v 3.678188 -0.3272510000000004 2.092982
v 3.504941 0.2438640000000003 2.092982
v 2.43646 -0.32725199999999965 2.092982
v -3.066799 0.38811399999999985 2.527476
v -3.066799 0.38811399999999985 2.594275
v -2.95423 0.3539669999999999 2.594275
v -2.95423 0.3539669999999999 2.527476
v -3.0668 -0.7889739999999996 2.527476
v -3.0668 -0.7889739999999996 2.594275
v -3.183869 -0.8005040000000001 2.594275
v -3.183869 -0.8005040000000001 2.527476
v -2.850485 0.29851399999999995 2.594275
v -2.850485 0.29851399999999995 2.527476
v -3.300937 -0.7889739999999996 2.594275
v -3.300937 -0.7889739999999996 2.527476
v -2.759551 0.2238870000000004 2.594275
v -2.759551 0.2238870000000004 2.527476
v -3.413507 -0.7548260000000004 2.594275
v -3.413507 -0.7548260000000004 2.527476
v -2.684924 0.1329539999999998 2.594275
v -2.684924 0.1329539999999998 2.527476
v -3.517252 -0.6993729999999996 2.594275
v -3.517252 -0.6993729999999996 2.527476
v -2.629472 0.02920899999999982 2.594275
v -2.629472 0.02920899999999982 2.527476
v -3.783942 -0.20042999999999989 2.527476
v -3.783942 -0.20042999999999989 2.594275
v -3.772412 -0.08336100000000002 2.594275
v -3.772412 -0.08336100000000002 2.527476
v -3.608185 -0.624746 2.594275
v -3.608185 -0.624746 2.527476
v -2.595324 -0.08336100000000002 2.594275
v -2.595324 -0.08336100000000002 2.527476
v -3.738264 0.02920899999999982 2.594275
v -3.738264 0.02920899999999982 2.527476
v -3.682812 -0.5338130000000003 2.594275
v -3.682812 -0.5338130000000003 2.527476
v -2.583794 -0.20042999999999989 2.594275
v -2.583794 -0.20042999999999989 2.527476
v -3.682811 0.1329539999999998 2.594275
v -3.682811 0.1329539999999998 2.527476
v -3.738264 -0.43006800000000034 2.594275
v -3.738264 -0.43006800000000034 2.527476
v -2.595324 -0.31749899999999975 2.594275
v -2.595324 -0.31749899999999975 2.527476
v -3.608184 0.2238870000000004 2.594275
v -3.608184 0.2238870000000004 2.527476
v -3.772412 -0.3174979999999996 2.594275
v -3.772412 -0.3174979999999996 2.527476
v -2.629472 -0.43006800000000034 2.594275
v -2.629472 -0.43006800000000034 2.527476
v -3.517251 0.29851399999999995 2.594275
v -3.517251 0.29851399999999995 2.527476
v -2.684925 -0.5338130000000003 2.594275
v -2.684925 -0.5338130000000003 2.527476
v -3.413507 0.3539669999999999 2.594275
v -3.413507 0.3539669999999999 2.527476
v -2.759552 -0.6247470000000002 2.594275
v -2.759552 -0.6247470000000002 2.527476
v -3.300937 0.38811399999999985 2.594275
v -3.300937 0.38811399999999985 2.527476
v -2.850485 -0.6993739999999997 2.594275
v -2.850485 -0.6993729999999996 2.527476
v -3.183868 0.39964400000000033 2.594275
v -3.183868 0.39964400000000033 2.527476
v -2.95423 -0.7548269999999997 2.594275
v -2.95423 -0.7548260000000004 2.527476
v -3.581303 0.19700600000000001 2.60901
v -3.496131 0.2669050000000004 2.60901
v -3.735126 -0.3100810000000003 2.60901
v -3.745926 -0.20042999999999989 2.60901
v -2.664594 -0.41552100000000003 2.60901
v -2.716534 -0.5126929999999996 2.60901
v -3.398958 0.31884400000000035 2.60901
v -2.786433 -0.5978649999999996 2.60901
v -3.29352 0.35082900000000006 2.60901
v -2.871606 -0.6677650000000002 2.60901
v -3.183868 0.36162899999999976 2.60901
v -2.968778 -0.7197040000000001 2.60901
v -3.074216 0.35082900000000006 2.60901
v -3.074216 -0.7516879999999997 2.60901
v -2.968778 0.3188449999999996 2.60901
v -3.183869 -0.7624880000000003 2.60901
v -2.871605 0.2669050000000004 2.60901
v -3.293521 -0.7516879999999997 2.60901
v -2.786433 0.19700600000000001 2.60901
v -3.398959 -0.7197040000000001 2.60901
v -2.716533 0.11183299999999985 2.60901
v -3.496131 -0.667764 2.60901
v -2.664594 0.014661000000000257 2.60901
v -3.735126 -0.09077700000000011 2.60901
v -3.581304 -0.5978649999999996 2.60901
v -2.632609 -0.09077800000000025 2.60901
v -3.703142 0.014661000000000257 2.60901
v -3.651203 -0.5126920000000004 2.60901
v -2.621809 -0.20042999999999989 2.60901
v -3.651202 0.11183299999999985 2.60901
v -3.703142 -0.41551899999999975 2.60901
v -2.632609 -0.3100820000000004 2.60901
v -2.989293 0.2693159999999999 2.60901
v -2.901389 0.2223309999999996 2.60901
v -3.183869 -0.7088789999999996 2.60901
v -3.283062 -0.699109 2.60901
v -2.82434 0.15909800000000018 2.60901
v -3.378444 -0.6701759999999997 2.60901
v -2.761108 0.0820489999999996 2.60901
v -3.466348 -0.623189 2.60901
v -2.714122 -0.005855000000000388 2.60901
v -3.692317 -0.20042999999999989 2.60901
v -3.682547 -0.1012360000000001 2.60901
v -3.543396 -0.5599569999999998 2.60901
v -2.685188 -0.1012360000000001 2.60901
v -3.653614 -0.005855000000000388 2.60901
v -3.606628 -0.4829080000000001 2.60901
v -2.675419 -0.20042999999999989 2.60901
v -3.606628 0.0820489999999996 2.60901
v -3.653614 -0.39500400000000013 2.60901
v -2.685188 -0.2996230000000004 2.60901
v -3.543396 0.15909800000000018 2.60901
v -3.682548 -0.2996230000000004 2.60901
v -2.714122 -0.3950050000000003 2.60901
v -3.466347 0.2223309999999996 2.60901
v -2.761108 -0.48290900000000025 2.60901
v -3.378443 0.2693159999999999 2.60901
v -2.824341 -0.559958 2.60901
v -3.283062 0.29825000000000035 2.60901
v -2.901389 -0.6231900000000001 2.60901
v -3.183868 0.30801999999999996 2.60901
v -2.989293 -0.6701759999999997 2.60901
v -3.084675 0.29825000000000035 2.60901
v -3.084675 -0.6991100000000001 2.60901
v -2.655981 0.14793699999999976 2.530947
v -2.734706 0.2438640000000003 2.530947
v -3.534015 -0.7300969999999998 2.530947
v -3.424573 -0.7885949999999999 2.530947
v -2.597483 0.03849500000000017 2.530947
v -3.803187 -0.08025699999999958 2.530947
v -3.815351 -0.203754 2.530947
v -3.629942 -0.6513720000000003 2.530947
v -2.56146 -0.08025699999999958 2.530947
v -3.767164 0.03849500000000017 2.530947
v -3.708667 -0.5554449999999997 2.530947
v -2.549296 -0.203754 2.530947
v -3.708667 0.14793699999999976 2.530947
v -3.767165 -0.446002 2.530947
v -2.56146 -0.32725199999999965 2.530947
v -3.629941 0.2438640000000003 2.530947
v -3.803188 -0.3272510000000004 2.530947
v -2.597483 -0.4460040000000003 2.530947
v -3.534015 0.32258799999999965 2.530947
v -2.655981 -0.5554459999999999 2.530947
v -3.424573 0.3810859999999998 2.530947
v -2.734706 -0.6513730000000004 2.530947
v -3.305821 0.41710899999999995 2.530947
v -2.830633 -0.7300979999999999 2.530947
v -3.182324 0.42927300000000024 2.530947
v -2.940075 -0.7885960000000001 2.530947
v -3.058826 0.41710899999999995 2.530947
v -3.058827 -0.8246180000000001 2.530947
v -2.940075 0.3810859999999998 2.530947
v -3.182324 -0.8367820000000004 2.530947
v -2.830633 0.32258799999999965 2.530947
v -3.305822 -0.8246180000000001 2.530947
v -2.56146 -0.32725199999999965 1.917897
v -2.56146 -0.32725199999999965 1.655017
v -2.549296 -0.203754 1.655017
v -2.549296 -0.203754 1.917897
v -3.629941 0.2438640000000003 1.917897
v -3.629941 0.2438640000000003 1.655017
v -3.708667 0.14793699999999976 1.655017
v -3.708667 0.14793699999999976 1.917897
v -3.803188 -0.3272510000000004 1.917897
v -3.803188 -0.3272510000000004 1.655017
v -3.767165 -0.446002 1.655017
v -3.767165 -0.446002 1.917897
v -2.597483 -0.4460040000000003 1.917897
v -2.597483 -0.4460040000000003 1.655017
v -3.534015 0.32258799999999965 1.917897
v -3.534015 0.32258799999999965 1.655017
v -3.815351 -0.203754 1.917897
v -3.815351 -0.203754 1.655017
v -2.655981 -0.5554459999999999 1.917897
v -2.655981 -0.5554459999999999 1.655017
v -3.424573 0.38108699999999995 1.917897
v -3.424573 0.38108699999999995 1.655017
v -2.734706 -0.6513730000000004 1.917897
v -2.734706 -0.6513730000000004 1.655017
v -3.305821 0.41710899999999995 1.917897
v -3.305821 0.41710899999999995 1.655017
v -2.830633 -0.7300979999999999 1.917897
v -2.830633 -0.7300979999999999 1.655017
v -2.940075 0.38108699999999995 2.092982
v -2.943931 0.34194000000000013 2.092982
v -2.943931 0.34194000000000013 2.530947
v -2.940075 -0.7885960000000001 1.917897
v -2.940075 -0.7885960000000001 1.655017
v -3.182324 0.42927300000000024 1.655017
v -3.18618 0.39012699999999967 1.655017
v -3.062682 0.37796300000000027 1.655017
v -3.058826 0.41710899999999995 1.655017
v -3.058827 -0.8246180000000001 1.917897
v -3.058827 -0.8246180000000001 1.655017
v -3.062682 0.37796300000000027 2.530947
v -3.18618 0.39012699999999967 2.530947
v -3.182324 -0.8367820000000004 1.917897
v -3.182324 -0.8367820000000004 1.655017
v -2.830633 0.32258799999999965 1.917897
v -2.830633 0.32258799999999965 1.655017
v -2.940075 0.38108699999999995 1.655017
v -2.940075 0.38108699999999995 1.917897
v -3.305822 -0.8246180000000001 1.917897
v -3.305822 -0.8246180000000001 1.655017
v -2.734706 0.2438640000000003 1.917897
v -2.734706 0.2438640000000003 1.655017
v -3.424573 -0.7885949999999999 1.917897
v -3.424573 -0.7885949999999999 1.655017
v -2.655981 0.14793699999999976 1.917897
v -2.655981 0.14793699999999976 1.655017
v -3.534015 -0.7300969999999998 1.917897
v -3.534015 -0.7300969999999998 1.655017
v -2.597483 0.03849500000000017 1.917897
v -2.597483 0.03849500000000017 1.655017
v -3.803187 -0.08025699999999958 1.917897
v -3.803187 -0.08025699999999958 1.655017
v -3.629942 -0.6513720000000003 1.917897
v -3.629942 -0.6513720000000003 1.655017
v -2.56146 -0.08025699999999958 1.917897
v -2.56146 -0.08025699999999958 1.655017
v -3.767164 0.03849500000000017 1.917897
v -3.767164 0.03849500000000017 1.655017
v -3.708667 -0.5554449999999997 1.917897
v -3.708667 -0.5554449999999997 1.655017
v -2.734706 -0.6513730000000004 1.300992
v -2.655981 -0.5554459999999999 1.300992
v -3.305821 0.41710899999999995 1.300992
v -3.424573 0.38108699999999995 1.300992
v -2.830633 -0.7300979999999999 1.300992
v -3.182324 0.42927300000000024 1.300992
v -2.940075 -0.7885960000000001 1.300992
v -3.058826 0.41710899999999995 1.300992
v -3.058827 -0.8246180000000001 1.300992
v -2.940075 0.38108699999999995 1.300992
v -3.182324 -0.8367820000000004 1.300992
v -2.830633 0.32258799999999965 1.300992
v -3.305822 -0.8246180000000001 1.300992
v -2.734706 0.2438640000000003 1.300992
v -3.424573 -0.7885949999999999 1.300992
v -2.655981 0.14793699999999976 1.300992
v -3.534015 -0.7300969999999998 1.300992
v -2.597483 0.03849500000000017 1.300992
v -3.803187 -0.08025699999999958 1.300992
v -3.815351 -0.203754 1.300992
v -3.629942 -0.6513720000000003 1.300992
v -2.56146 -0.08025699999999958 1.300992
v -3.767164 0.03849500000000017 1.300992
v -3.708667 -0.5554449999999997 1.300992
v -2.549296 -0.203754 1.300992
v -3.708667 0.14793699999999976 1.300992
v -3.767165 -0.446002 1.300992
v -2.56146 -0.32725199999999965 1.300992
v -3.629941 0.2438640000000003 1.300992
v -3.803188 -0.3272510000000004 1.300992
v -2.597483 -0.4460040000000003 1.300992
v -3.534015 0.32258799999999965 1.300992
v -3.081251 -0.7118820000000001 1.300992
v -2.984063 -0.6824000000000003 1.300992
v -2.984062 0.2748910000000002 1.300992
v -3.081251 0.304373 1.300992
v -3.182324 -0.7218359999999997 1.300992
v -2.894493 0.22701499999999974 1.300992
v -3.283397 -0.711881 1.300992
v -2.815985 0.16258499999999998 1.300992
v -3.380585 -0.6823990000000002 1.300992
v -2.751554 0.0840759999999996 1.300992
v -3.470155 -0.6345229999999997 1.300992
v -2.703678 -0.005493000000000414 1.300992
v -3.69045 -0.10268199999999972 1.300992
v -3.700405 -0.203754 1.300992
v -3.548663 -0.570093 1.300992
v -2.674197 -0.10268199999999972 1.300992
v -3.660969 -0.005493000000000414 1.300992
v -3.613093 -0.4915849999999997 1.300992
v -2.664242 -0.203754 1.300992
v -3.613093 0.0840759999999996 1.300992
v -3.660969 -0.40201499999999957 1.300992
v -2.674197 -0.3048270000000004 1.300992
v -3.548663 0.16258499999999998 1.300992
v -3.690451 -0.30482600000000026 1.300992
v -2.703679 -0.4020159999999997 1.300992
v -3.470155 0.22701499999999974 1.300992
v -2.751554 -0.49158599999999986 1.300992
v -3.380585 0.2748910000000002 1.300992
v -2.815985 -0.5700940000000001 1.300992
v -3.283396 0.304373 1.300992
v -2.894493 -0.6345239999999999 1.300992
v -3.182324 0.3143269999999996 1.300992
v -3.343288 -0.5923559999999997 1.162529
v -3.264383 -0.6162919999999996 1.162529
v -2.832592 0.029929000000000094 1.162529
v -2.884901 0.09366800000000008 1.162529
v -3.416008 -0.5534860000000004 1.162529
v -2.793722 -0.042790000000000106 1.162529
v -3.594861 -0.12169600000000003 1.162529
v -3.602943 -0.203754 1.162529
v -3.479747 -0.5011770000000002 1.162529
v -2.769787 -0.12169600000000003 1.162529
v -3.570925 -0.042790000000000106 1.162529
v -3.532056 -0.4374380000000002 1.162529
v -2.761704 -0.203754 1.162529
v -3.532056 0.029929000000000094 1.162529
v -3.570925 -0.3647179999999999 1.162529
v -2.769787 -0.2858130000000001 1.162529
v -3.479746 0.09366800000000008 1.162529
v -3.594861 -0.28581199999999995 1.162529
v -2.793723 -0.3647179999999999 1.162529
v -3.416007 0.14597700000000025 1.162529
v -2.832592 -0.4374380000000002 1.162529
v -3.343288 0.18484700000000043 1.162529
v -2.884902 -0.5011770000000002 1.162529
v -3.264382 0.20878300000000038 1.162529
v -2.948641 -0.5534860000000004 1.162529
v -3.182324 0.2168650000000003 1.162529
v -3.02136 -0.5923559999999997 1.162529
v -3.100265 0.20878300000000038 1.162529
v -3.100266 -0.6162919999999996 1.162529
v -3.02136 0.18484700000000043 1.162529
v -3.182324 -0.6243730000000003 1.162529
v -2.94864 0.14597700000000025 1.162529
v -3.382838 -0.12069799999999997 0.551309
v -3.395189 -0.16141299999999958 0.551309
v -3.362782 -0.3243330000000002 0.551309
v -3.335791 -0.35722200000000015 0.551309
v -2.965288 -0.203754 0.551309
v -2.969459 -0.16141299999999958 0.551309
v -3.362782 -0.08317599999999992 0.551309
v -3.382839 -0.28681 0.551309
v -2.969459 -0.24609599999999965 0.551309
v -3.335791 -0.05028699999999997 0.551309
v -3.395189 -0.24609599999999965 0.551309
v -2.981809 -0.28681 0.551309
v -3.302902 -0.023296000000000205 0.551309
v -3.399359 -0.203754 0.551309
v -3.001865 -0.3243330000000002 0.551309
v -3.26538 -0.0032399999999999096 0.551309
v -3.028857 -0.35722200000000015 0.551309
v -3.224665 0.00911099999999987 0.551309
v -3.061745 -0.3842129999999999 0.551309
v -3.182324 0.013281000000000098 0.551309
v -3.099268 -0.4042690000000002 0.551309
v -3.139982 0.00911099999999987 0.551309
v -3.139983 -0.41662 0.551309
v -3.099268 -0.0032399999999999096 0.551309
v -3.182324 -0.4207900000000002 0.551309
v -3.061745 -0.023296000000000205 0.551309
v -3.224666 -0.41662 0.551309
v -3.028857 -0.05028699999999997 0.551309
v -3.26538 -0.4042690000000002 0.551309
v -3.001865 -0.08317599999999992 0.551309
v -3.302902 -0.3842119999999998 0.551309
v -2.981809 -0.12069799999999997 0.551309
v -3.274564 -0.06570799999999988 0.551309
v -3.299723 -0.08635600000000032 0.551309
v -3.348351 -0.203754 0.551309
v -3.345161 -0.2361449999999996 0.551309
v -3.044278 -0.2959940000000003 0.551309
v -3.028935 -0.26729 0.551309
v -3.24586 -0.050365000000000215 0.551309
v -3.064925 -0.3211529999999998 0.551309
v -3.214714 -0.040917000000000314 0.551309
v -3.090084 -0.34180100000000024 0.551309
v -3.182324 -0.03772700000000029 0.551309
v -3.118788 -0.35714299999999977 0.551309
v -3.149934 -0.040917000000000314 0.551309
v -3.149934 -0.36659099999999967 0.551309
v -3.118788 -0.050365000000000215 0.551309
v -3.182324 -0.3697809999999997 0.551309
v -3.090084 -0.06570799999999988 0.551309
v -3.214714 -0.36659099999999967 0.551309
v -3.064925 -0.08635600000000032 0.551309
v -3.24586 -0.35714299999999977 0.551309
v -3.044278 -0.11151499999999981 0.551309
v -3.274564 -0.34180100000000024 0.551309
v -3.028935 -0.1402190000000001 0.551309
v -3.345161 -0.17136399999999963 0.551309
v -3.299723 -0.3211529999999998 0.551309
v -3.019487 -0.17136399999999963 0.551309
v -3.335713 -0.1402190000000001 0.551309
v -3.32037 -0.2959940000000003 0.551309
v -3.016297 -0.203754 0.551309
v -3.32037 -0.11151499999999981 0.551309
v -3.335713 -0.26729 0.551309
v -3.019487 -0.2361449999999996 0.551309
v -3.182324 -0.03772700000000029 0.606116
v -3.214714 -0.040917000000000314 0.606116
v -3.118788 -0.35714299999999977 0.606116
v -3.090084 -0.34180100000000024 0.606116
v -3.149934 -0.040917000000000314 0.606116
v -3.149934 -0.36659099999999967 0.606116
v -3.118788 -0.050365000000000215 0.606116
v -3.182324 -0.3697809999999997 0.606116
v -3.090084 -0.06570799999999988 0.606116
v -3.214714 -0.36659099999999967 0.606116
v -3.064925 -0.08635600000000032 0.606116
v -3.24586 -0.35714299999999977 0.606116
v -3.044278 -0.11151499999999981 0.606116
v -3.274564 -0.34180100000000024 0.606116
v -3.028935 -0.1402190000000001 0.606116
v -3.345161 -0.17136399999999963 0.606116
v -3.348351 -0.203754 0.606116
v -3.299723 -0.3211529999999998 0.606116
v -3.019487 -0.17136399999999963 0.606116
v -3.335713 -0.1402190000000001 0.606116
v -3.32037 -0.2959940000000003 0.606116
v -3.016297 -0.203754 0.606116
v -3.32037 -0.11151499999999981 0.606116
v -3.335713 -0.26729 0.606116
v -3.019487 -0.2361449999999996 0.606116
v -3.299723 -0.08635600000000032 0.606116
v -3.345161 -0.2361449999999996 0.606116
v -3.028935 -0.26729 0.606116
v -3.274564 -0.06570799999999988 0.606116
v -3.044278 -0.2959940000000003 0.606116
v -3.24586 -0.050365000000000215 0.606116
v -3.064925 -0.3211529999999998 0.606116
v -3.090084 -0.06570799999999988 0.276653
v -3.118788 -0.050365000000000215 0.276653
v -3.214714 -0.36659099999999967 0.276653
v -3.182324 -0.3697809999999997 0.276653
v -3.064925 -0.08635600000000032 0.276653
v -3.24586 -0.35714299999999977 0.276653
v -3.044278 -0.11151499999999981 0.276653
v -3.274564 -0.34180100000000024 0.276653
v -3.028935 -0.1402190000000001 0.276653
v -3.345161 -0.17136399999999963 0.276653
v -3.348351 -0.203754 0.276653
v -3.299723 -0.3211529999999998 0.276653
v -3.019487 -0.17136399999999963 0.276653
v -3.335713 -0.1402190000000001 0.276653
v -3.32037 -0.2959940000000003 0.276653
v -3.016297 -0.203754 0.276653
v -3.32037 -0.11151499999999981 0.276653
v -3.335713 -0.26729 0.276653
v -3.019487 -0.2361449999999996 0.276653
v -3.299723 -0.08635600000000032 0.276653
v -3.345161 -0.2361449999999996 0.276653
v -3.028935 -0.26729 0.276653
v -3.274564 -0.06570799999999988 0.276653
v -3.044278 -0.2959940000000003 0.276653
v -3.24586 -0.050365000000000215 0.276653
v -3.064925 -0.3211529999999998 0.276653
v -3.214714 -0.040917000000000314 0.276653
v -3.090084 -0.34180100000000024 0.276653
v -3.182324 -0.03772700000000029 0.276653
v -3.118788 -0.35714299999999977 0.276653
v -3.149934 -0.040917000000000314 0.276653
v -3.149934 -0.36659099999999967 0.276653
v -2.824098 0.03996099999999991 2.60901
v -2.784113 -0.03484599999999993 2.60901
v -3.61656 -0.20042999999999989 2.60901
v -3.608246 -0.11601600000000012 2.60901
v -3.424259 -0.5602 2.60901
v -3.489828 -0.5063890000000004 2.60901
v -2.75949 -0.11601600000000012 2.60901
v -3.583623 -0.03484599999999993 2.60901
v -3.543638 -0.44082000000000043 2.60901
v -2.751176 -0.20042999999999989 2.60901
v -3.543638 0.03996099999999991 2.60901
v -3.583624 -0.3660129999999997 2.60901
v -2.75949 -0.28484399999999965 2.60901
v -3.489827 0.1055299999999999 2.60901
v -3.608246 -0.2848430000000004 2.60901
v -2.784113 -0.36601399999999984 2.60901
v -3.424259 0.15934000000000026 2.60901
v -2.824098 -0.4408209999999997 2.60901
v -3.349452 0.19932600000000011 2.60901
v -2.877909 -0.5063890000000004 2.60901
v -3.268282 0.22394800000000004 2.60901
v -2.943478 -0.5602 2.60901
v -3.183868 0.2322620000000004 2.60901
v -3.018284 -0.6001849999999997 2.60901
v -3.099454 0.22394800000000004 2.60901
v -3.099454 -0.6248079999999998 2.60901
v -3.018284 0.19932600000000011 2.60901
v -3.183868 -0.633121 2.60901
v -2.943477 0.15934000000000026 2.60901
v -3.268282 -0.6248069999999997 2.60901
v -2.877909 0.1055299999999999 2.60901
v -3.349452 -0.6001849999999997 2.60901
v -2.75503 -0.20042999999999989 2.506284
v -2.76327 -0.28409200000000023 2.506284
v -3.540434 0.037819999999999965 2.506284
v -3.487102 0.10280500000000004 2.506284
v -3.580063 -0.3645379999999996 2.506284
v -3.604466 -0.2840910000000001 2.506284
v -2.787674 -0.3645389999999997 2.506284
v -3.422118 0.15613600000000005 2.506284
v -3.612706 -0.20042999999999989 2.506284
v -2.827303 -0.43867999999999974 2.506284
v -3.347977 0.19576499999999974 2.506284
v -2.880634 -0.5036639999999997 2.506284
v -3.26753 0.22016800000000014 2.506284
v -2.945619 -0.5569949999999997 2.506284
v -3.183868 0.22840799999999994 2.506284
v -3.019759 -0.5966240000000003 2.506284
v -3.100206 0.22016800000000014 2.506284
v -3.100206 -0.6210279999999999 2.506284
v -3.019759 0.19576499999999974 2.506284
v -3.183868 -0.6292679999999997 2.506284
v -2.945619 0.15613600000000005 2.506284
v -3.267531 -0.6210269999999998 2.506284
v -2.880634 0.10280500000000004 2.506284
v -3.347978 -0.5966240000000003 2.506284
v -2.827302 0.037819999999999965 2.506284
v -3.422118 -0.5569949999999997 2.506284
v -2.787674 -0.03632100000000005 2.506284
v -3.604466 -0.11676700000000029 2.506284
v -3.487103 -0.5036639999999997 2.506284
v -2.76327 -0.11676800000000043 2.506284
v -3.580063 -0.03632100000000005 2.506284
v -3.540434 -0.4386789999999996 2.506284
v -2.75503 -0.20042999999999989 2.30169
v -2.76327 -0.28409200000000023 2.30169
v -3.001737 0.4791759999999998 2.293703
v -3.06413 0.4670909999999999 2.423662
v -3.146122 0.575812 -0.60892
v -3.106766 0.571936 -0.608893
v -3.309677 0.37796300000000027 1.917897
v -3.23426 0.49931899999999985 1.903804
v -3.23426 0.4981359999999997 1.736682
v -3.309677 0.37796300000000027 1.655017
v -2.943931 0.34194000000000013 1.655017
v -3.309677 0.37796300000000027 2.530947
v -3.23426 0.7438589999999996 1.650798
v -3.23426 0.7426769999999996 1.483676
v -3.083769 0.9578769999999999 1.838567
v -3.148241 0.9642270000000002 1.838522
v -3.167879 0.477309 2.42359
v -3.138672 0.7612670000000001 -0.640614
v -3.23426 0.5020759999999997 2.29354
v -3.001737 0.47720499999999966 2.015273
v -3.001737 0.47523499999999963 1.736844
v -3.148241 0.9619629999999999 1.262343
v -3.083769 0.9556129999999996 1.262388
v -3.114215 0.758858 -0.640597
v -3.001737 0.7209589999999997 1.65096
v -3.001737 0.7197760000000004 1.483838
v -3.001737 0.7237159999999996 2.040697
v -3.23426 0.7466169999999996 2.040535
v -3.001737 0.7217460000000004 1.762268
v -3.267531 -0.6210279999999999 2.30169
v -3.267531 -0.6210279999999999 2.177366
v -3.347978 -0.5966240000000003 2.177366
v -3.347978 -0.5966240000000003 2.30169
v -3.540434 0.037819999999999965 2.30169
v -3.487102 0.10280500000000004 2.30169
v -3.580063 -0.3645379999999996 2.30169
v -3.604466 -0.2840910000000001 2.30169
v -2.787674 -0.3645389999999997 2.30169
v -3.422118 0.15613600000000005 2.30169
v -3.612706 -0.20042999999999989 2.30169
v -2.827303 -0.43867999999999974 2.30169
v -3.347977 0.19576499999999974 2.30169
v -2.880634 -0.5036639999999997 2.30169
v -3.26753 0.22016800000000014 2.30169
v -2.945619 -0.5569959999999998 2.30169
v -3.183868 0.22840799999999994 2.30169
v -3.019759 -0.5966240000000003 2.30169
v -3.100206 0.22016800000000014 2.30169
v -3.100206 -0.6210279999999999 2.30169
v -3.019759 0.19576499999999974 2.30169
v -3.183868 -0.6292679999999997 2.30169
v -2.945619 0.15613600000000005 2.30169
v -2.880634 0.10280500000000004 2.30169
v -2.827302 0.037819999999999965 2.30169
v -3.422118 -0.5569949999999997 2.30169
v -2.787674 -0.03632100000000005 2.30169
v -3.604466 -0.11676700000000029 2.30169
v -3.487103 -0.5036639999999997 2.30169
v -2.76327 -0.11676800000000043 2.30169
v -3.580063 -0.03632100000000005 2.30169
v -3.540434 -0.4386789999999996 2.30169
v -3.604466 -0.11676700000000029 2.177366
v -3.612706 -0.20042999999999989 2.177366
v -3.604466 -0.2840910000000001 2.177366
v -3.580063 -0.3645379999999996 2.177366
v -2.880634 0.10280500000000004 2.177366
v -2.827302 0.037819999999999965 2.177366
v -3.422118 -0.5569949999999997 2.177366
v -2.787674 -0.03632100000000005 2.177366
v -3.487103 -0.5036639999999997 2.177366
v -2.76327 -0.11676800000000043 2.177366
v -3.580063 -0.03632100000000005 2.177366
v -3.540434 -0.4386789999999996 2.177366
v -2.75503 -0.20042999999999989 2.177366
v -3.540434 0.037819999999999965 2.177366
v -2.76327 -0.28409200000000023 2.177366
v -3.487102 0.10280500000000004 2.177366
v -2.787674 -0.3645389999999997 2.177366
v -3.422118 0.15613600000000005 2.177366
v -2.827303 -0.43867999999999974 2.177366
v -3.347977 0.19576499999999974 2.177366
v -2.880634 -0.5036639999999997 2.177366
v -3.26753 0.22016800000000014 2.177366
v -2.945619 -0.5569959999999998 2.177366
v -3.183868 0.22840799999999994 2.177366
v -3.019759 -0.5966240000000003 2.177366
v -3.100206 0.22016800000000014 2.177366
v -3.100206 -0.6210279999999999 2.177366
v -3.019759 0.19576499999999974 2.177366
v -3.183868 -0.6292679999999997 2.177366
v -2.945619 0.15613600000000005 2.177366
v -3.001737 0.4764179999999998 1.903966
v -3.083769 0.9562600000000003 1.426943
v -3.148241 0.9626089999999996 1.426898
v -3.23426 0.7446469999999996 1.762106
v -2.943931 0.34194000000000013 1.917897
v -3.23426 0.5001059999999997 2.015111
v -3.309677 0.37796300000000027 2.092982
v -3.305821 0.41710899999999995 2.092982
v -3.767165 -0.446002 2.092982
v -3.708667 -0.5554449999999997 2.092982
v -3.708667 0.14793699999999976 2.092982
v -3.767164 0.03849500000000017 2.092982
v -2.549296 -0.203754 2.092982
v -2.56146 -0.08025699999999958 2.092982
v -3.629942 -0.6513720000000003 2.092982
v -3.803187 -0.08025699999999958 2.092982
v -2.597483 0.03849500000000017 2.092982
v -3.534015 -0.7300969999999998 2.092982
v -3.815351 -0.203754 2.092982
v -2.655981 0.14793699999999976 2.092982
v -3.424573 -0.7885949999999999 2.092982
v -2.734706 0.2438640000000003 2.092982
v -3.305822 -0.8246180000000001 2.092982
v -2.830633 0.32258799999999965 2.092982
v -3.182324 -0.8367820000000004 2.092982
v -3.058827 -0.8246180000000001 2.092982
v -2.940075 -0.7885960000000001 2.092982
v -2.830633 -0.7300979999999999 2.092982
v -2.734706 -0.6513730000000004 2.092982
v -3.424573 0.38108699999999995 2.092982
v -2.655981 -0.5554459999999999 2.092982
v -3.534015 0.32258799999999965 2.092982
v -2.597483 -0.4460040000000003 2.092982
v -3.803188 -0.3272510000000004 2.092982
v -3.629941 0.2438640000000003 2.092982
v -2.56146 -0.32725199999999965 2.092982
vt 0 1
vt 0 1
vt 0 1
vt 0 1
vt 0 1
vt 0 1
vt 0 1
vt 0 1
vt 0 1
vt 0 1
vt 0 1
vt 0 1
vt 0 1
vt 0 1
vt 0 1
vt 0 1
vt 0 1
vt 0 1
vt 0 1
vt 0 1
vt 0 1
vt 0 1
vt 0 1
vt 0 1
vt 0 1
vt 0 1
vt 0 1
vt 0 1
vt 0 1
vt 0 1
vt 0 1
vt 0 1
vt 0 1
vt 0 1
vt 0 1
vt 0 1
vt 0 1
vt 0 1
vt 0 1
vt 0 1
vt 0 1
vt 0 1
vt 0 1
vt 0 1
vt 0 1
vt 0 1
vt 0 1
vt 0 1
vt 0 1
vt 0 1
vt 0 1
vt 0 1
vt 0 1
vt 0 1
vt 0 1
vt 0 1
vt 0 1
vt 0 1
vt 0 1
vt 0 1
vt 0 1
vt 0 1
vt 0 1
vt 0 1
vt 0 1
vt 0 1
vt 0 1
vt 0 1
vt 0 1
vt 0 1
vt 0 1
vt 0 1
vt 0 1
vt 0 1
vt 0 1
vt 0 1
vt 0 1
vt 0 1
vt 0 1
vt 0 1
vt 0 1
vt 0 1
vt 0 1
vt 0 1
vt 0 1
vt 0 1
vt 0 1
vt 0 1
vt 0 1
vt 0 1
vt 0 1
vt 0 1
vt 0 1
vt 0 1
vt 0 1
vt 0 1
vt 0 1
vt 0 1
vt 0 1
vt 0 1
vt 0 1
vt 0 1
vt 0 1
vt 0 1
vt 0 1
vt 0 1
vt 0 1
vt 0 1
vt 0 1
vt 0 1
vt 0 1
vt 0 1
vt 0 1
vt 0 1
vt 0 1
vt 0 1
vt 0 1
vt 0 1
vt 0 1
vt 0 1
vt 0 1
vt 0 1
vt 0 1
vt 0 1
vt 0 1
vt 0 1
vt 0 1
vt 0 1
vt 0 1
vt 0 1
vt 0 1
vt 0 1
vt 0 1
vt 0 1
vt 0 1
vt 0 1
vt 0 1
vt 0 1
vt 0 1
vt 0 1
vt 0 1
vt 0 1
vt 0 1
vt 0 1
vt 0 1
vt 0 1
vt 0 1
vt 0 1
vt 0 1
vt 0 1
vt 0 1
vt 0 1
vt 0 1
vt 0 1
vt 0 1
vt 0 1
vt 0 1
vt 0 1
vt 0 1
vt 0 1
vt 0 1
vt 0 1
vt 0 1
vt 0 1
vt 0 1
vt 0 1
vt 0 1
vt 0 1
vt 0 1
vt 0 1
vt 0 1
vt 0 1
vt 0 1
vt 0 1
vt 0 1
vt 0 1
vt 0 1
vt 0 1
vt 0 1
vt 0 1
vt 0 1
vt 0 1
vt 0 1
vt 0 1
vt 0 1
vt 0 1
vt 0 1
vt 0 1
vt 0 1
vt 0 1
vt 0 1
vt 0 1
vt 0 1
vt 0 1
vt 0 1
vt 0 1
vt 0 1
vt 0 1
vt 0 1
vt 0 1
vt 0 1
vt 0 1
vt 0 1
vt 0 1
vt 0 1
vt 0 1
vt 0 1
vt 0 1
vt 0 1
vt 0 1
vt 0 1
vt 0 1
vt 0 1
vt 0 1
vt 0 1
vt 0 1
vt 0 1
vt 0 1
vt 0 1
vt 0 1
vt 0 1
vt 0 1
vt 0 1
vt 0 1
vt 0 1
vt 0 1
vt 0 1
vt 0 1
vt 0 1
vt 0 1
vt 0 1
vt 0 1
vt 0 1
vt 0 1
vt 0 1
vt 0 1
vt 0 1
vt 0 1
vt 0 1
vt 0 1
vt 0 1
vt 0 1
vt 0 1
vt 0 1
vt 0 1
vt 0 1
vt 0 1
vt 0 1
vt 0 1
vt 0 1
vt 0 1
vt 0 1
vt 0 1
vt 0 1
vt 0 1
vt 0 1
vt 0 1
vt 0 1
vt 0 1
vt 0 1
vt 0 1
vt 0 1
vt 0 1
vt 0 1
vt 0 1
vt 0 1
vt 0 1
vt 0 1
vt 0 1
vt 0 1
vt 0 1
vt 0 1
vt 0 1
vt 0 1
vt 0 1
vt 0 1
vt 0 1
vt 0 1
vt 0 1
vt 0 1
vt 0 1
vt 0 1
vt 0 1
vt 0 1
vt 0 1
vt 0 1
vt 0 1
vt 0 1
vt 0 1
vt 0 1
vt 0 1
vt 0 1
vt 0 1
vt 0 1
vt 0 1
vt 0 1
vt 0 1
vt 0 1
vt 0 1
vt 0 1
vt 0 1
vt 0 1
vt 0 1
vt 0 1
vt 0 1
vt 0 1
vt 0 1
vt 0 1
vt 0 1
vt 0 1
vt 0 1
vt 0 1
vt 0 1
vt 0 1
vt 0 1
vt 0 1
vt 0 1
vt 0 1
vt 0 1
vt 0 1
vt 0 1
vt 0 1
vt 0 1
vt 0 1
vt 0 1
vt 0 1
vt 0 1
vt 0 1
vt 0 1
vt 0 1
vt 0 1
vt 0 1
vt 0 1
vt 0 1
vt 0 1
vt 0 1
vt 0 1
vt 0 1
vt 0 1
vt 0 1
vt 0 1
vt 0 1
vt 0 1
vt 0 1
vt 0 1
vt 0 1
vt 0 1
vt 0 1
vt 0 1
vt 0 1
vt 0 1
vt 0 1
vt 0 1
vt 0 1
vt 0 1
vt 0 1
vt 0 1
vt 0 1
vt 0 1
vt 0 1
vt 0 1
vt 0 1
vt 0 1
vt 0 1
vt 0 1
vt 0 1
vt 0 1
vt 0 1
vt 0 1
vt 0 1
vt 0 1
vt 0 1
vt 0 1
vt 0 1
vt 0 1
vt 0 1
vt 0 1
vt 0 1
vt 0 1
vt 0 1
vt 0 1
vt 0 1
vt 0 1
vt 0 1
vt 0 1
vt 0 1
vt 0 1
vt 0 1
vt 0 1
vt 0 1
vt 0 1
vt 0 1
vt 0 1
vt 0 1
vt 0 1
vt 0 1
vt 0 1
vt 0 1
vt 0 1
vt 0 1
vt 0 1
vt 0 1
vt 0 1
vt 0 1
vt 0 1
vt 0 1
vt 0 1
vt 0 1
vt 0 1
vt 0 1
vt 0 1
vt 0 1
vt 0 1
vt 0 1
vt 0 1
vt 0 1
vt 0 1
vt 0 1
vt 0 1
vt 0 1
vt 0 1
vt 0 1
vt 0 1
vt 0 1
vt 0 1
vt 0 1
vt 0 1
vt 0 1
vt 0 1
vt 0 1
vt 0 1
vt 0 1
vt 0 1
vt 0 1
vt 0 1
vt 0 1
vt 0 1
vt 0 1
vt 0 1
vt 0 1
vt 0 1
vt 0 1
vt 0 1
vt 0 1
vt 0 1
vt 0 1
vt 0 1
vt 0 1
vt 0 1
vt 0 1
vt 0 1
vt 0 1
vt 0 1
vt 0 1
vt 0 1
vt 0 1
vt 0 1
vt 0 1
vt 0 1
vt 0 1
vt 0 1
vt 0 1
vt 0 1
vt 0 1
vt 0 1
vt 0 1
vt 0 1
vt 0 1
vt 0 1
vt 0 1
vt 0 1
vt 0 1
vt 0 1
vt 0 1
vt 0 1
vt 0 1
vt 0 1
vt 0 1
vt 0 1
vt 0 1
vt 0 1
vt 0 1
vt 0 1
vt 0 1
vt 0 1
vt 0 1
vt 0 1
vt 0 1
vt 0 1
vt 0 1
vt 0 1
vt 0 1
vt 0 1
vt 0 1
vt 0 1
vt 0 1
vt 0 1
vt 0 1
vt 0 1
vt 0 1
vt 0 1
vt 0 1
vt 0 1
vt 0 1
vt 0 1
vt 0 1
vt 0 1
vt 0 1
vt 0 1
vt 0 1
vt 0 1
vt 0 1
vt 0 1
vt 0 1
vt 0 1
vt 0 1
vt 0 1
vt 0 1
vt 0 1
vt 0 1
vt 0 1
vt 0 1
vt 0 1
vt 0 1
vt 0 1
vt 0 1
vt 0 1
vt 0 1
vt 0 1
vt 0 1
vt 0 1
vt 0 1
vt 0 1
vt 0 1
vt 0 1
vt 0 1
vt 0 1
vt 0 1
vt 0 1
vt 0 1
vt 0 1
vt 0 1
vt 0 1
vt 0 1
vt 0 1
vt 0 1
vt 0 1
vt 0 1
vt 0 1
vt 0 1
vt 0 1
vt 0 1
vt 0 1
vt 0 1
vt 0 1
vt 0 1
vt 0 1
vt 0 1
vt 0 1
vt 0 1
vt 0 1
vt 0 1
vt 0 1
vt 0 1
vt 0 1
vt 0 1
vt 0 1
vt 0 1
vt 0 1
vt 0 1
vt 0 1
vt 0 1
vt 0 1
vt 0 1
vt 0 1
vt 0 1
vt 0 1
vt 0 1
vt 0 1
vt 0 1
vt 0 1
vt 0 1
vt 0 1
vt 0 1
vt 0 1
vt 0 1
vt 0 1
vt 0 1
vt 0 1
vt 0 1
vt 0 1
vt 0 1
vt 0 1
vt 0 1
vt 0 1
vt 0 1
vt 0 1
vt 0 1
vt 0 1
vt 0 1
vt 0 1
vt 0 1
vt 0 1
vt 0 1
vt 0 1
vt 0 1
vt 0 1
vt 0 1
vt 0 1
vt 0 1
vt 0 1
vt 0 1
vt 0 1
vt 0 1
vt 0 1
vt 0 1
vt 0 1
vt 0 1
vt 0 1
vt 0 1
vt 0 1
vt 0 1
vt 0 1
vt 0 1
vt 0 1
vt 0 1
vt 0 1
vt 0 1
vt 0 1
vt 0 1
vt 0 1
vt 0 1
vt 0 1
vt 0 1
vt 0 1
vt 0 1
vt 0 1
vt 0 1
vt 0 1
vt 0 1
vt 0 1
vt 0 1
vt 0 1
vt 0 1
vt 0 1
vt 0 1
vt 0 1
vt 0 1
vt 0 1
vt 0 1
vt 0 1
vt 0 1
vt 0 1
vt 0 1
vt 0 1
vt 0 1
vt 0 1
vt 0 1
vt 0 1
vt 0 1
vt 0 1
vt 0 1
vt 0 1
vt 0 1
vt 0 1
vt 0 1
vt 0 1
vt 0 1
vt 0 1
vt 0 1
vt 0 1
vt 0 1
vt 0 1
vt 0 1
vt 0 1
vt 0 1
vt 0 1
vt 0 1
vt 0 1
vt 0 1
vt 0 1
vt 0 1
vt 0 1
vt 0 1
vt 0 1
vt 0 1
vt 0 1
vt 0 1
vt 0 1
vt 0 1
vt 0 1
vt 0 1
vt 0 1
vt 0 1
vt 0 1
vt 0 1
vt 0 1
vt 0 1
vt 0 1
vt 0 1
vt 0 1
vt 0 1
vt 0 1
vt 0 1
vt 0 1
vt 0 1
vt 0 1
vt 0 1
vt 0 1
vt 0 1
vt 0 1
vt 0 1
vt 0 1
vt 0 1
vt 0 1
vt 0 1
vt 0 1
vt 0 1
vt 0 1
vt 0 1
vt 0 1
vt 0 1
vt 0 1
vt 0 1
vt 0 1
vt 0 1
vt 0 1
vt 0 1
vt 0 1
vt 0 1
vt 0 1
vt 0 1
vt 0 1
vt 0 1
vt 0 1
vt 0 1
vt 0 1
vt 0 1
vt 0 1
vt 0 1
vt 0 1
vt 0 1
vt 0 1
vt 0 1
vt 0 1
vt 0 1
vt 0 1
vt 0 1
vt 0 1
vt 0 1
vt 0 1
vt 0 1
vt 0 1
vt 0 1
vt 0 1
vt 0 1
vt 0 1
vt 0 1
vt 0 1
vt 0 1
vt 0 1
vt 0 1
vt 0 1
vt 0 1
vt 0 1
vt 0 1
vt 0 1
vt 0 1
vt 0 1
vt 0 1
vt 0 1
vt 0 1
vt 0 1
vt 0 1
vt 0 1
vt 0 1
vt 0 1
vt 0 1
vt 0 1
vt 0 1
vt 0 1
vt 0 1
vt 0 1
vt 0 1
vt 0 1
vt 0 1
vt 0 1
vt 0 1
vt 0 1
vt 0 1
vt 0 1
vt 0 1
vt 0 1
vt 0 1
vt 0 1
vt 0 1
vt 0 1
vt 0 1
vt 0 1
vt 0 1
vt 0 1
vt 0 1
vt 0 1
vt 0 1
vt 0 1
vt 0 1
vt 0 1
vt 0 1
vt 0 1
vt 0 1
vt 0 1
vt 0 1
vt 0 1
vt 0 1
vt 0 1
vt 0 1
vt 0 1
vt 0 1
vt 0 1
vt 0 1
vt 0 1
vt 0 1
vt 0 1
vt 0 1
vt 0 1
vt 0 1
vt 0 1
vt 0 1
vt 0 1
vt 0 1
vt 0 1
vt 0 1
vt 0 1
vt 0 1
vt 0 1
vt 0 1
vt 0 1
vt 0 1
vt 0 1
vt 0 1
vt 0 1
vt 0 1
vt 0 1
vt 0 1
vt 0 1
vt 0 1
vt 0 1
vt 0 1
vt 0 1
vt 0 1
vt 0 1
vt 0 1
vt 0 1
vt 0 1
vt 0 1
vt 0 1
vt 0 1
vt 0 1
vt 0 1
vt 0 1
vt 0 1
vt 0 1
vt 0 1
vt 0 1
vt 0 1
vt 0 1
vt 0 1
vt 0 1
vt 0 1
vt 0 1
vt 0 1
vt 0 1
vt 0 1
vt 0 1
vt 0 1
vt 0 1
vt 0 1
vt 0 1
vt 0 1
vt 0 1
vt 0 1
vt 0 1
vt 0 1
vt 0 1
vt 0 1
vt 0 1
vt 0 1
vt 0 1
vt 0 1
vt 0 1
vt 0 1
vt 0 1
vt 0 1
vt 0 1
vt 0 1
vt 0 1
vt 0 1
vt 0 1
vt 0 1
vt 0 1
vt 0 1
vt 0 1
vt 0 1
vt 0 1
vt 0 1
vt 0 1
vt 0 1
vt 0 1
vt 0 1
vt 0 1
vt 0 1
vt 0 1
vt 0 1
vt 0 1
vt 0 1
vt 0 1
vt 0 1
vt 0 1
vt 0 1
vt 0 1
vt 0 1
vt 0 1
vt 0 1
vt 0 1
vt 0 1
vt 0 1
vt 0 1
vt 0 1
vt 0 1
vt 0 1
vt 0 1
vt 0 1
vt 0 1
vt 0 1
vt 0 1
vt 0 1
vt 0 1
vt 0 1
vt 0 1
vt 0 1
vt 0 1
vt 0 1
vt 0 1
vt 0 1
vt 0 1
vt 0 1
vt 0 1
vt 0 1
vt 0 1
vt 0 1
vt 0 1
vt 0 1
vt 0 1
vt 0 1
vt 0 1
vt 0 1
vt 0 1
vt 0 1
vt 0 1
vt 0 1
vt 0 1
vt 0 1
vt 0 1
vt 0 1
vt 0 1
vt 0 1
vt 0 1
vt 0 1
vt 0 1
vt 0 1
vt 0 1
vt 0 1
vt 0 1
vt 0 1
vt 0 1
vt 0 1
vt 0 1
vt 0 1
vt 0 1
vt 0 1
vt 0 1
vt 0 1
vt 0 1
vt 0 1
vt 0 1
vt 0 1
vt 0 1
vt 0 1
vt 0 1
vt 0 1
vt 0 1
vt 0 1
vt 0 1
vt 0 1
vt 0 1
vt 0 1
vt 0 1
vt 0 1
vt 0 1
vt 0 1
vt 0 1
vt 0 1
vt 0 1
vt 0 1
vt 0 1
vt 0 1
vt 0 1
vt 0 1
vt 0 1
vt 0 1
vt 0 1
vt 0 1
vt 0 1
vt 0 1
vt 0 1
vt 0 1
vt 0 1
vt 0 1
vt 0 1
vt 0 1
vt 0 1
vt 0 1
vt 0 1
vt 0 1
vt 0 1
vt 0 1
vt 0 1
vt 0 1
vt 0 1
vt 0 1
vt 0 1
vt 0 1
vt 0 1
vt 0 1
vt 0 1
vt 0 1
vt 0 1
vt 0 1
vt 0 1
vt 0 1
vt 0 1
vt 0 1
vt 0 1
vt 0 1
vt 0 1
vt 0 1
vt 0 1
vt 0 1
vt 0 1
vt 0 1
vt 0 1
vt 0 1
vt 0 1
vt 0 1
vt 0 1
vt 0 1
vt 0 1
vt 0 1
vt 0 1
vt 0 1
vt 0 1
vt 0 1
vt 0 1
vt 0 1
vt 0 1
vt 0 1
vt 0 1
vt 0 1
vt 0 1
vt 0 1
vt 0 1
vt 0 1
vt 0 1
vt 0 1
vt 0 1
vt 0 1
vt 0 1
vt 0 1
vt 0 1
vt 0 1
vt 0 1
vt 0 1
vt 0 1
vt 0 1
vt 0 1
vt 0 1
vt 0 1
vt 0 1
vt 0 1
vt 0 1
vt 0 1
vt 0 1
vt 0 1
vt 0 1
vt 0 1
vt 0 1
vt 0 1
vt 0 1
vt 0 1
vt 0 1
vt 0 1
vt 0 1
vt 0 1
vt 0 1
vt 0 1
vt 0 1
vt 0 1
vt 0 1
vt 0 1
vt 0 1
vt 0 1
vt 0 1
vt 0 1
vt 0 1
vt 0 1
vt 0 1
vt 0 1
vt 0 1
vt 0 1
vt 0 1
vt 0 1
vt 0 1
vt 0 1
vt 0 1
vt 0 1
vt 0 1
vt 0 1
vt 0 1
vt 0 1
vt 0 1
vt 0 1
vt 0 1
vt 0 1
vt 0 1
vt 0 1
vt 0 1
vt 0 1
vt 0 1
vt 0 1
vt 0 1
vt 0 1
vt 0 1
vt 0 1
vt 0 1
vt 0 1
vt 0 1
vt 0 1
vt 0 1
vt 0 1
vt 0 1
vt 0 1
vt 0 1
vt 0 1
vt 0 1
vt 0 1
vt 0 1
vt 0 1
vt 0 1
vt 0 1
vt 0 1
vt 0 1
vt 0 1
vt 0 1
vt 0 1
vt 0 1
vt 0 1
vt 0 1
vt 0 1
vt 0 1
vt 0 1
vt 0 1
vt 0 1
vt 0 1
vt 0 1
vt 0 1
vt 0 1
vt 0 1
vt 0 1
vt 0 1
vt 0 1
vt 0 1
vt 0 1
vt 0 1
vt 0 1
vt 0 1
vt 0 1
vt 0 1
vt 0 1
vt 0 1
vt 0 1
vt 0 1
vt 0 1
vt 0 1
vt 0 1
vt 0 1
vt 0 1
vt 0 1
vt 0 1
vt 0 1
vt 0 1
vt 0 1
vt 0 1
vt 0 1
vt 0 1
vt 0 1
vt 0 1
vt 0 1
vt 0 1
vt 0 1
vt 0 1
vt 0 1
vt 0 1
vt 0 1
vt 0 1
vt 0 1
vt 0 1
vt 0 1
vt 0 1
vt 0 1
vt 0 1
vt 0 1
vt 0 1
vt 0 1
vt 0 1
vt 0 1
vt 0 1
vt 0 1
vt 0 1
vt 0 1
vt 0 1
vt 0 1
vt 0 1
vt 0 1
vt 0 1
vt 0 1
vt 0 1
vt 0 1
vt 0 1
vt 0 1
vt 0 1
vt 0 1
vt 0 1
vt 0 1
vt 0 1
vt 0 1
vt 0 1
vt 0 1
vt 0 1
vt 0 1
vt 0 1
vt 0 1
vt 0 1
vt 0 1
vt 0 1
vt 0 1
vt 0 1
vt 0 1
vt 0 1
vt 0 1
vt 0 1
vt 0 1
vt 0 1
vt 0 1
vt 0 1
vt 0 1
vt 0 1
vt 0 1
vt 0 1
vt 0 1
vt 0 1
vt 0 1
vt 0 1
vt 0 1
vt 0 1
vt 0 1
vt 0 1
vt 0 1
vt 0 1
vt 0 1
vt 0 1
vt 0 1
vt 0 1
vt 0 1
vt 0 1
vt 0 1
vt 0 1
vt 0 1
vt 0 1
vt 0 1
vt 0 1
vt 0 1
vt 0 1
vt 0 1
vt 0 1
vt 0 1
vt 0 1
vt 0 1
vt 0 1
vt 0 1
vt 0 1
vt 0 1
vt 0 1
vt 0 1
vt 0 1
vt 0 1
vt 0 1
vt 0 1
vt 0 1
vt 0 1
vt 0 1
vt 0 1
vt 0 1
vt 0 1
vt 0 1
vt 0 1
vt 0 1
vt 0 1
vt 0 1
vt 0 1
vt 0 1
vt 0 1
vt 0 1
vt 0 1
vt 0 1
vt 0 1
vt 0 1
vt 0 1
vt 0 1
vt 0 1
vt 0 1
vt 0 1
vt 0 1
vt 0 1
vt 0 1
vt 0 1
vt 0 1
vt 0 1
vt 0 1
vt 0 1
vt 0 1
vt 0 1
vt 0 1
vt 0 1
vt 0 1
vt 0 1
vt 0 1
vt 0 1
vt 0 1
vt 0 1
vt 0 1
vt 0 1
vt 0 1
vt 0 1
vt 0 1
vt 0 1
vt 0 1
vt 0 1
vt 0 1
vt 0 1
vt 0 1
vt 0 1
vt 0 1
vt 0 1
vt 0 1
vt 0 1
vt 0 1
vt 0 1
vt 0 1
vt 0 1
vt 0 1
vt 0 1
vt 0 1
vt 0 1
vt 0 1
vt 0 1
vt 0 1
vt 0 1
vt 0 1
vt 0 1
vt 0 1
vt 0 1
vt 0 1
vt 0 1
vt 0 1
vt 0 1
vt 0 1
vt 0 1
vt 0 1
vt 0 1
vt 0 1
vt 0 1
vt 0 1
vt 0 1
vt 0 1
vt 0 1
vt 0 1
vt 0 1
vt 0 1
vt 0 1
vt 0 1
vt 0 1
vt 0 1
vt 0 1
vt 0 1
vt 0 1
vt 0 1
vt 0 1
vt 0 1
vt 0 1
vt 0 1
vt 0 1
vt 0 1
vt 0 1
vt 0 1
vt 0 1
vt 0 1
vt 0 1
vt 0 1
vt 0 1
vt 0 1
vt 0 1
vt 0 1
vt 0 1
vt 0 1
vt 0 1
vt 0 1
vt 0 1
vt 0 1
vt 0 1
vt 0 1
vt 0 1
vt 0 1
vt 0 1
vt 0 1
vt 0 1
vt 0 1
vt 0 1
vt 0 1
vt 0 1
vt 0 1
vt 0 1
vt 0 1
vt 0 1
vt 0 1
vt 0 1
vt 0 1
vt 0 1
vt 0 1
vt 0 1
vt 0 1
vt 0 1
vt 0 1
vt 0 1
vt 0 1
vt 0 1
vt 0 1
vt 0 1
vt 0 1
vt 0 1
vt 0 1
vt 0 1
vt 0 1
vt 0 1
vt 0 1
vt 0 1
vt 0 1
vt 0 1
vt 0 1
vt 0 1
vt 0 1
vt 0 1
vt 0 1
vt 0 1
vt 0 1
vt 0 1
vt 0 1
vt 0 1
vt 0 1
vt 0 1
vt 0 1
vt 0 1
vt 0 1
vt 0 1
vt 0 1
vt 0 1
vt 0 1
vt 0 1
vt 0 1
vt 0 1
vt 0 1
vt 0 1
vt 0 1
vt 0 1
vt 0 1
vt 0 1
vt 0 1
vt 0 1
vt 0 1
vt 0 1
vt 0 1
vt 0 1
vt 0 1
vt 0 1
vt 0 1
vt 0 1
vt 0 1
vt 0 1
vt 0 1
vt 0 1
vt 0 1
vt 0 1
vt 0 1
vt 0 1
vt 0 1
vt 0 1
vt 0 1
vt 0 1
vt 0 1
vt 0 1
vt 0 1
vt 0 1
vt 0 1
vt 0 1
vt 0 1
vt 0 1
vt 0 1
vt 0 1
vt 0 1
vt 0 1
vt 0 1
vt 0 1
vt 0 1
vt 0 1
vt 0 1
vt 0 1
vt 0 1
vt 0 1
vt 0 1
vt 0 1
vt 0 1
vt 0 1
vt 0 1
vt 0 1
vt 0 1
vt 0 1
vt 0 1
vt 0 1
vt 0 1
vt 0 1
vt 0 1
vt 0 1
vt 0 1
vt 0 1
vt 0 1
vt 0 1
vt 0 1
vt 0 1
vt 0 1
vt 0 1
vt 0 1
vt 0 1
vt 0 1
vt 0 1
vt 0 1
vt 0 1
vt 0 1
vt 0 1
vt 0 1
vt 0 1
vt 0 1
vt 0 1
vt 0 1
vt 0 1
vt 0 1
vt 0 1
vt 0 1
vt 0 1
vt 0 1
vt 0 1
vt 0 1
vt 0 1
vt 0 1
vt 0 1
vt 0 1
vt 0 1
vt 0 1
vt 0 1
vt 0 1
vt 0 1
vt 0 1
vt 0 1
vt 0 1
vt 0 1
vt 0 1
vt 0 1
vt 0 1
vt 0 1
vt 0 1
vt 0 1
vt 0 1
vt 0 1
vt 0 1
vt 0 1
vt 0 1
vt 0 1
vt 0 1
vt 0 1
vt 0 1
vt 0 1
vt 0 1
vt 0 1
vt 0 1
vt 0 1
vt 0 1
vt 0 1
vt 0 1
vt 0 1
vt 0 1
vt 0 1
vt 0 1
vt 0 1
vt 0 1
vt 0 1
vt 0 1
vt 0 1
vt 0 1
vt 0 1
vt 0 1
vt 0 1
vt 0 1
vt 0 1
vt 0 1
vt 0 1
vt 0 1
vt 0 1
vt 0 1
vt 0 1
vt 0 1
vt 0 1
vt 0 1
vt 0 1
vt 0 1
vt 0 1
vt 0 1
vt 0 1
vt 0 1
vt 0 1
vt 0 1
vt 0 1
vt 0 1
vt 0 1
vt 0 1
vt 0 1
vt 0 1
vt 0 1
vt 0 1
vt 0 1
vt 0 1
vt 0 1
vt 0 1
vt 0 1
vt 0 1
vt 0 1
vt 0 1
vt 0 1
vt 0 1
vt 0 1
vt 0 1
vt 0 1
vt 0 1
vt 0 1
vt 0 1
vt 0 1
vt 0 1
vt 0 1
vt 0 1
vt 0 1
vt 0 1
vt 0 1
vt 0 1
vt 0 1
vt 0 1
vt 0 1
vt 0 1
vt 0 1
vt 0 1
vt 0 1
vt 0 1
vt 0 1
vt 0 1
vt 0 1
vt 0 1
vt 0 1
vt 0 1
vt 0 1
vt 0 1
vt 0 1
vt 0 1
vt 0 1
vt 0 1
vt 0 1
vt 0 1
vt 0 1
vt 0 1
vt 0 1
vt 0 1
vt 0 1
vt 0 1
vt 0 1
vt 0 1
vt 0 1
vt 0 1
vt 0 1
vt 0 1
vt 0 1
vt 0 1
vt 0 1
vt 0 1
vt 0 1
vt 0 1
vt 0 1
vt 0 1
vt 0 1
vt 0 1
vt 0 1
vt 0 1
vt 0 1
vt 0 1
vt 0 1
vt 0 1
vt 0 1
vt 0 1
vt 0 1
vt 0 1
vt 0 1
vt 0 1
vt 0 1
vt 0 1
vt 0 1
vt 0 1
vt 0 1
vt 0 1
vt 0 1
vt 0 1
vt 0 1
vt 0 1
vt 0 1
vt 0 1
vt 0 1
vt 0 1
vt 0 1
vt 0 1
vt 0 1
vt 0 1
vt 0 1
vt 0 1
vt 0 1
vt 0 1
vt 0 1
vt 0 1
vt 0 1
vt 0 1
vt 0 1
vt 0 1
vt 0 1
vt 0 1
vt 0 1
vt 0 1
vt 0 1
vt 0 1
vt 0 1
vt 0 1
vt 0 1
vt 0 1
vt 0 1
vt 0 1
vt 0 1
vt 0 1
vt 0 1
vt 0 1
vt 0 1
vt 0 1
vt 0 1
vt 0 1
vt 0 1
vt 0 1
vt 0 1
vt 0 1
vt 0 1
vt 0 1
vt 0 1
vt 0 1
vt 0 1
vt 0 1
vt 0 1
vt 0 1
vt 0 1
vt 0 1
vt 0 1
vt 0 1
vt 0 1
vt 0 1
vt 0 1
vt 0 1
vt 0 1
vt 0 1
vt 0 1
vt 0 1
vt 0 1
vt 0 1
vt 0 1
vt 0 1
vt 0 1
vt 0 1
vt 0 1
vt 0 1
vt 0 1
vt 0 1
vt 0 1
vt 0 1
vt 0 1
vt 0 1
vt 0 1
vt 0 1
vt 0 1
vt 0 1
vt 0 1
vt 0 1
vt 0 1
vt 0 1
vt 0 1
vt 0 1
vt 0 1
vt 0 1
vt 0 1
vt 0 1
vt 0 1
vt 0 1
vt 0 1
vt 0 1
vt 0 1
vt 0 1
vt 0 1
vt 0 1
vt 0 1
vt 0 1
vt 0 1
vt 0 1
vt 0 1
vt 0 1
vt 0 1
vt 0 1
vt 0 1
vt 0 1
vt 0 1
vt 0 1
vt 0 1
vt 0 1
vt 0 1
vt 0 1
vt 0 1
vt 0 1
vt 0 1
vt 0 1
vt 0 1
vt 0 1
vt 0 1
vt 0 1
vt 0 1
vt 0 1
vt 0 1
vt 0 1
vt 0 1
vt 0 1
vt 0 1
vt 0 1
vt 0 1
vt 0 1
vt 0 1
vt 0 1
vt 0 1
vt 0 1
vt 0 1
vt 0 1
vt 0 1
vt 0 1
vt 0 1
vt 0 1
vt 0 1
vt 0 1
vt 0 1
vt 0 1
vt 0 1
vt 0 1
vt 0 1
vt 0 1
vt 0 1
vt 0 1
vt 0 1
vt 0 1
vt 0 1
vt 0 1
vt 0 1
vt 0 1
vt 0 1
vt 0 1
vt 0 1
vt 0 1
vt 0 1
vt 0 1
vt 0 1
vt 0 1
vt 0 1
vt 0 1
vt 0 1
vt 0 1
vt 0 1
vt 0 1
vt 0 1
vt 0 1
vt 0 1
vt 0 1
vt 0 1
vt 0 1
vt 0 1
vt 0 1
vt 0 1
vt 0 1
vt 0 1
vt 0 1
vt 0 1
vt 0 1
vt 0 1
vt 0 1
vt 0 1
vt 0 1
vt 0 1
vt 0 1
vt 0 1
vt 0 1
vt 0 1
vt 0 1
vt 0 1
vt 0 1
vt 0 1
vt 0 1
vt 0 1
vt 0 1
vt 0 1
vt 0 1
vt 0 1
vt 0 1
vt 0 1
vt 0 1
vt 0 1
vt 0 1
vt 0 1
vt 0 1
vt 0 1
vt 0 1
vt 0 1
vt 0 1
vt 0 1
vt 0 1
vt 0 1
vt 0 1
vt 0 1
vt 0 1
vt 0 1
vt 0 1
vt 0 1
vt 0 1
vt 0 1
vt 0 1
vt 0 1
vt 0 1
vt 0 1
vt 0 1
vt 0 1
vt 0 1
vt 0 1
vt 0 1
vt 0 1
vt 0 1
vt 0 1
vt 0 1
vt 0 1
vt 0 1
vt 0 1
vt 0 1
vt 0 1
vt 0 1
vt 0 1
vt 0 1
vt 0 1
vt 0 1
vt 0 1
vt 0 1
vt 0 1
vt 0 1
vt 0 1
vt 0 1
vt 0 1
vt 0 1
vt 0 1
vt 0 1
vt 0 1
vt 0 1
vt 0 1
vt 0 1
vt 0 1
vt 0 1
vt 0 1
vt 0 1
vt 0 1
vt 0 1
vt 0 1
vt 0 1
vt 0 1
vt 0 1
vt 0 1
vt 0 1
vt 0 1
vt 0 1
vt 0 1
vt 0 1
vt 0 1
vt 0 1
vt 0 1
vt 0 1
vt 0 1
vt 0 1
vt 0 1
vt 0 1
vt 0 1
vt 0 1
vt 0 1
vt 0 1
vt 0 1
vt 0 1
vt 0 1
vt 0 1
vt 0 1
vt 0 1
vt 0 1
vt 0 1
vt 0 1
vt 0 1
vt 0 1
vt 0 1
vt 0 1
vt 0 1
vt 0 1
vt 0 1
vt 0 1
vt 0 1
vt 0 1
vt 0 1
vt 0 1
vt 0 1
vt 0 1
vt 0 1
vt 0 1
vt 0 1
vt 0 1
vt 0 1
vt 0 1
vt 0 1
vt 0 1
vt 0 1
vt 0 1
vt 0 1
vt 0 1
vt 0 1
vt 0 1
vt 0 1
vt 0 1
vt 0 1
vt 0 1
vt 0 1
vt 0 1
vt 0 1
vt 0 1
vt 0 1
vt 0 1
vt 0 1
vt 0 1
vt 0 1
vt 0 1
vt 0 1
vt 0 1
vt 0 1
vt 0 1
vt 0 1
vt 0 1
vt 0 1
vt 0 1
vt 0 1
vt 0 1
vt 0 1
vt 0 1
vt 0 1
vt 0 1
vt 0 1
vt 0 1
vt 0 1
vt 0 1
vt 0 1
vt 0 1
vt 0 1
vt 0 1
vt 0 1
vt 0 1
vt 0 1
vt 0 1
vt 0 1
vt 0 1
vt 0 1
vt 0 1
vt 0 1
vt 0 1
vt 0 1
vt 0 1
vt 0 1
vt 0 1
vt 0 1
vt 0 1
vt 0 1
vt 0 1
vt 0 1
vt 0 1
vt 0 1
vt 0 1
vt 0 1
vt 0 1
vt 0 1
vt 0 1
vt 0 1
vt 0 1
vt 0 1
vt 0 1
vt 0 1
vt 0 1
vt 0 1
vt 0 1
vt 0 1
vt 0 1
vt 0 1
vt 0 1
vt 0 1
vt 0 1
vt 0 1
vt 0 1
vt 0 1
vt 0 1
vt 0 1
vt 0 1
vt 0 1
vt 0 1
vt 0 1
vt 0 1
vt 0 1
vt 0 1
vt 0 1
vt 0 1
vt 0 1
vt 0 1
vt 0 1
vt 0 1
vt 0 1
vt 0 1
vt 0 1
vt 0 1
vt 0 1
vt 0 1
vt 0 1
vt 0 1
vt 0 1
vt 0 1
vt 0 1
vt 0 1
vt 0 1
vt 0 1
vt 0 1
vt 0 1
vt 0 1
vt 0 1
vt 0 1
vt 0 1
vt 0 1
vt 0 1
vt 0 1
vt 0 1
vt 0 1
vt 0 1
vt 0 1
vt 0 1
vt 0 1
vt 0 1
vt 0 1
vt 0 1
vt 0 1
vt 0 1
vt 0 1
vt 0 1
vt 0 1
vt 0 1
vt 0 1
vt 0 1
vt 0 1
vt 0 1
vt 0 1
vt 0 1
vt 0 1
vt 0 1
vt 0 1
vt 0 1
vt 0 1
vt 0 1
vt 0 1
vt 0 1
vt 0 1
vt 0 1
vt 0 1
vt 0 1
vt 0 1
vt 0 1
vt 0 1
vt 0 1
vt 0 1
vt 0 1
vt 0 1
vt 0 1
vt 0 1
vt 0 1
vt 0 1
vt 0 1
vt 0 1
vt 0 1
vt 0 1
vt 0 1
vt 0 1
vt 0 1
vt 0 1
vt 0 1
vt 0 1
vt 0 1
vt 0 1
vt 0 1
vt 0 1
vt 0 1
vt 0 1
vt 0 1
vt 0 1
vt 0 1
vt 0 1
vt 0 1
vt 0 1
vt 0 1
vt 0 1
vt 0 1
vt 0 1
vt 0 1
vt 0 1
vt 0 1
vt 0 1
vt 0 1
vt 0 1
vt 0 1
vt 0 1
vt 0 1
vt 0 1
vt 0 1
vt 0 1
vt 0 1
vt 0 1
vt 0 1
vt 0 1
vt 0 1
vt 0 1
vt 0 1
vt 0 1
vt 0 1
vt 0 1
vt 0 1
vt 0 1
vt 0 1
vt 0 1
vt 0 1
vt 0 1
vt 0 1
vt 0 1
vt 0 1
vt 0 1
vt 0 1
vt 0 1
vt 0 1
vt 0 1
vt 0 1
vt 0 1
vt 0 1
vt 0 1
vt 0 1
vt 0 1
vt 0 1
vt 0 1
vt 0 1
vt 0 1
vt 0 1
vt 0 1
vt 0 1
vt 0 1
vt 0 1
vt 0 1
vt 0 1
vt 0 1
vt 0 1
vt 0 1
vt 0 1
vt 0 1
vt 0 1
vt 0 1
vt 0 1
vt 0 1
vt 0 1
vt 0 1
vt 0 1
vt 0 1
vt 0 1
vt 0 1
vt 0 1
vt 0 1
vt 0 1
vt 0 1
vt 0 1
vt 0 1
vt 0 1
vt 0 1
vt 0 1
vt 0 1
vt 0 1
vt 0 1
vt 0 1
vt 0 1
vt 0 1
vt 0 1
vt 0 1
vt 0 1
vt 0 1
vt 0 1
vt 0 1
vt 0 1
vt 0 1
vt 0 1
vt 0 1
vt 0 1
vt 0 1
vt 0 1
vt 0 1
vt 0 1
vt 0 1
vt 0 1
vt 0 1
vt 0 1
vt 0 1
vt 0 1
vt 0 1
vt 0 1
vt 0 1
vt 0 1
vt 0 1
vt 0 1
vt 0 1
vt 0 1
vt 0 1
vt 0 1
vt 0 1
vt 0 1
vt 0 1
vt 0 1
vt 0 1
vt 0 1
vt 0 1
vt 0 1
vt 0 1
vt 0 1
vt 0 1
vt 0 1
vt 0 1
vt 0 1
vt 0 1
vt 0 1
vt 0 1
vt 0 1
vt 0 1
vt 0 1
vt 0 1
vt 0 1
vt 0 1
vt 0 1
vt 0 1
vt 0 1
vt 0 1
vt 0 1
vt 0 1
vt 0 1
vt 0 1
vt 0 1
vt 0 1
vt 0 1
vt 0 1
vt 0 1
vt 0 1
vt 0 1
vt 0 1
vt 0 1
vt 0 1
vt 0 1
vt 0 1
vt 0 1
vt 0 1
vt 0 1
vt 0 1
vt 0 1
vt 0 1
vt 0 1
vt 0 1
vt 0 1
vt 0 1
vt 0 1
vt 0 1
vt 0 1
vt 0 1
vt 0 1
vt 0 1
vt 0 1
vt 0 1
vt 0 1
vt 0 1
vt 0 1
vt 0 1
vt 0 1
vt 0 1
vt 0 1
vt 0 1
vt 0 1
vt 0 1
vt 0 1
vt 0 1
vt 0 1
vt 0 1
vt 0 1
vt 0 1
vt 0 1
vt 0 1
vt 0 1
vt 0 1
vt 0 1
vt 0 1
vt 0 1
vt 0 1
vt 0 1
vt 0 1
vt 0 1
vt 0 1
vt 0 1
vt 0 1
vt 0 1
vt 0 1
vt 0 1
vt 0 1
vt 0 1
vt 0 1
vt 0 1
vt 0 1
vt 0 1
vt 0 1
vt 0 1
vt 0 1
vt 0 1
vt 0 1
vt 0 1
vt 0 1
vt 0 1
vt 0 1
vt 0 1
vt 0 1
vt 0 1
vt 0 1
vt 0 1
vt 0 1
vt 0 1
vt 0 1
vt 0 1
vt 0 1
vt 0 1
vt 0 1
vt 0 1
vt 0 1
vt 0 1
vt 0 1
vt 0 1
vt 0 1
vt 0 1
vt 0 1
vt 0 1
vt 0 1
vt 0 1
vt 0 1
vt 0 1
vt 0 1
vt 0 1
vt 0 1
vt 0 1
vt 0 1
vt 0 1
vt 0 1
vt 0 1
vt 0 1
vt 0 1
vt 0 1
vt 0 1
vt 0 1
vt 0 1
vt 0 1
vt 0 1
vt 0 1
vt 0 1
vt 0 1
vt 0 1
vt 0 1
vt 0 1
vt 0 1
vt 0 1
vt 0 1
vt 0 1
vt 0 1
vt 0 1
vt 0 1
vt 0 1
vt 0 1
vt 0 1
vt 0 1
vt 0 1
vt 0 1
vt 0 1
vt 0 1
vt 0 1
vt 0 1
vt 0 1
vt 0 1
vt 0 1
vt 0 1
vt 0 1
vt 0 1
vt 0 1
vt 0 1
vt 0 1
vt 0 1
vt 0 1
vt 0 1
vt 0 1
vt 0 1
vt 0 1
vt 0 1
vt 0 1
vt 0 1
vt 0 1
vt 0 1
vt 0 1
vt 0 1
vt 0 1
vt 0 1
vt 0 1
vt 0 1
vt 0 1
vt 0 1
vt 0 1
vt 0 1
vt 0 1
vt 0 1
vt 0 1
vt 0 1
vt 0 1
vt 0 1
vt 0 1
vt 0 1
vt 0 1
vt 0 1
vt 0 1
vt 0 1
vt 0 1
vt 0 1
vt 0 1
vt 0 1
vt 0 1
vt 0 1
vt 0 1
vt 0 1
vt 0 1
vt 0 1
vt 0 1
vt 0 1
vt 0 1
vt 0 1
vt 0 1
vt 0 1
vt 0 1
vt 0 1
vt 0 1
vt 0 1
vt 0 1
vt 0 1
vt 0 1
vt 0 1
vt 0 1
vt 0 1
vt 0 1
vt 0 1
vt 0 1
vt 0 1
vt 0 1
vt 0 1
vt 0 1
vt 0 1
vt 0 1
vt 0 1
vt 0 1
vt 0 1
vt 0 1
vt 0 1
vt 0 1
vt 0 1
vt 0 1
vt 0 1
vt 0 1
vt 0 1
vt 0 1
vt 0 1
vt 0 1
vt 0 1
vt 0 1
vt 0 1
vt 0 1
vt 0 1
vt 0 1
vt 0 1
vt 0 1
vt 0 1
vt 0 1
vt 0 1
vt 0 1
vt 0 1
vt 0 1
vt 0 1
vt 0 1
vt 0 1
vt 0 1
vt 0 1
vt 0 1
vt 0 1
vt 0 1
vt 0 1
vt 0 1
vt 0 1
vt 0 1
vt 0 1
vt 0 1
vt 0 1
vt 0 1
vt 0 1
vt 0 1
vt 0 1
vt 0 1
vt 0 1
vt 0 1
vt 0 1
vt 0 1
vt 0 1
vt 0 1
vt 0 1
vt 0 1
vt 0 1
vt 0 1
vt 0 1
vt 0 1
vt 0 1
vt 0 1
vt 0 1
vt 0 1
vt 0 1
vt 0 1
vt 0 1
vt 0 1
vt 0 1
vt 0 1
vt 0 1
vt 0 1
vt 0 1
vt 0 1
vt 0 1
vt 0 1
vt 0 1
vt 0 1
vt 0 1
vt 0 1
vt 0 1
vt 0 1
vt 0 1
vt 0 1
vt 0 1
vt 0 1
vt 0 1
vt 0 1
vt 0 1
vt 0 1
vt 0 1
vt 0 1
vt 0 1
vt 0 1
vt 0 1
vt 0 1
vt 0 1
vt 0 1
vt 0 1
vt 0 1
vt 0 1
vt 0 1
vt 0 1
vt 0 1
vt 0 1
vt 0 1
vt 0 1
vt 0 1
vt 0 1
vt 0 1
vt 0 1
vt 0 1
vt 0 1
vt 0 1
vt 0 1
vt 0 1
vt 0 1
vt 0 1
vt 0 1
vt 0 1
vt 0 1
vt 0 1
vt 0 1
vt 0 1
vt 0 1
vt 0 1
vt 0 1
vt 0 1
vt 0 1
vt 0 1
vt 0 1
vt 0 1
vt 0 1
vt 0 1
vt 0 1
vt 0 1
vt 0 1
vt 0 1
vt 0 1
vt 0 1
vt 0 1
vt 0 1
vt 0 1
vt 0 1
vt 0 1
vt 0 1
vt 0 1
vt 0 1
vt 0 1
vt 0 1
vt 0 1
vt 0 1
vt 0 1
vt 0 1
vt 0 1
vt 0 1
vt 0 1
vt 0 1
vt 0 1
vt 0 1
vt 0 1
vt 0 1
vt 0 1
vt 0 1
vt 0 1
vt 0 1
vt 0 1
vt 0 1
vt 0 1
vt 0 1
vt 0 1
vt 0 1
vt 0 1
vt 0 1
vt 0 1
vt 0 1
vt 0 1
vt 0 1
vt 0 1
vt 0 1
vt 0 1
vt 0 1
vt 0 1
vt 0 1
vt 0 1
vt 0 1
vt 0 1
vt 0 1
vt 0 1
vt 0 1
vt 0 1
vt 0 1
vt 0 1
vt 0 1
vt 0 1
vt 0 1
vt 0 1
vt 0 1
vt 0 1
vt 0 1
vt 0 1
vt 0 1
vt 0 1
vt 0 1
vt 0 1
vt 0 1
vt 0 1
vt 0 1
vt 0 1
vt 0 1
vt 0 1
vt 0 1
vt 0 1
vt 0 1
vt 0 1
vt 0 1
vt 0 1
vt 0 1
vt 0 1
vt 0 1
vt 0 1
vt 0 1
vt 0 1
vt 0 1
vt 0 1
vt 0 1
vt 0 1
vt 0 1
vt 0 1
vt 0 1
vt 0 1
vt 0 1
vt 0 1
vt 0 1
vt 0 1
vt 0 1
vt 0 1
vt 0 1
vt 0 1
vt 0 1
vt 0 1
vt 0 1
vt 0 1
vt 0 1
vt 0 1
vt 0 1
vt 0 1
vt 0 1
vt 0 1
vt 0 1
vt 0 1
vt 0 1
vt 0 1
vt 0 1
vt 0 1
vt 0 1
vt 0 1
vt 0 1
vt 0 1
vt 0 1
vt 0 1
vt 0 1
vt 0 1
vt 0 1
vt 0 1
vt 0 1
vt 0 1
vt 0 1
vt 0 1
vt 0 1
vt 0 1
vt 0 1
vt 0 1
vt 0 1
vt 0 1
vt 0 1
vt 0 1
vt 0 1
vt 0 1
vt 0 1
vt 0 1
vt 0 1
vt 0 1
vt 0 1
vt 0 1
vt 0 1
vt 0 1
vt 0 1
vt 0 1
vt 0 1
vt 0 1
vt 0 1
vt 0 1
vt 0 1
vt 0 1
vt 0 1
vt 0 1
vt 0 1
vt 0 1
vt 0 1
vt 0 1
vt 0 1
vt 0 1
vt 0 1
vt 0 1
vt 0 1
vt 0 1
vt 0 1
vt 0 1
vt 0 1
vt 0 1
vt 0 1
vt 0 1
vt 0 1
vt 0 1
vt 0 1
vt 0 1
vt 0 1
vt 0 1
vt 0 1
vt 0 1
vt 0 1
vt 0 1
vt 0 1
vt 0 1
vt 0 1
vt 0 1
vt 0 1
vt 0 1
vt 0 1
vt 0 1
vt 0 1
vt 0 1
vt 0 1
vt 0 1
vt 0 1
vt 0 1
vt 0 1
vt 0 1
vt 0 1
vt 0 1
vt 0 1
vt 0 1
vt 0 1
vt 0 1
vt 0 1
vt 0 1
vt 0 1
vt 0 1
vt 0 1
vt 0 1
vt 0 1
vt 0 1
vt 0 1
vt 0 1
vt 0 1
vt 0 1
vt 0 1
vt 0 1
vt 0 1
vt 0 1
vt 0 1
vt 0 1
vt 0 1
vt 0 1
vt 0 1
vt 0 1
vt 0 1
vt 0 1
vt 0 1
vt 0 1
vt 0 1
vt 0 1
vt 0 1
vt 0 1
vt 0 1
vt 0 1
vt 0 1
vt 0 1
vt 0 1
vt 0 1
vt 0 1
vt 0 1
vt 0 1
vt 0 1
vt 0 1
vt 0 1
vt 0 1
vt 0 1
vt 0 1
vt 0 1
vt 0 1
vt 0 1
vt 0 1
vt 0 1
vt 0 1
vt 0 1
vt 0 1
vt 0 1
vt 0 1
vt 0 1
vt 0 1
vt 0 1
vt 0 1
vt 0 1
vt 0 1
vt 0 1
vt 0 1
vt 0 1
vt 0 1
vt 0 1
vt 0 1
vt 0 1
vt 0 1
vt 0 1
vt 0 1
vt 0 1
vt 0 1
vt 0 1
vt 0 1
vt 0 1
vt 0 1
vt 0 1
vt 0 1
vt 0 1
vt 0 1
vt 0 1
vt 0 1
vt 0 1
vt 0 1
vt 0 1
vt 0 1
vt 0 1
vt 0 1
vt 0 1
vt 0 1
vt 0 1
vt 0 1
vt 0 1
vt 0 1
vt 0 1
vt 0 1
vt 0 1
vt 0 1
vt 0 1
vt 0 1
vt 0 1
vt 0 1
vt 0 1
vt 0 1
vt 0 1
vt 0 1
vt 0 1
vt 0 1
vt 0 1
vt 0 1
vt 0 1
vt 0 1
vt 0 1
vt 0 1
vt 0 1
vt 0 1
vt 0 1
vt 0 1
vt 0 1
vt 0 1
vt 0 1
vt 0 1
vt 0 1
vt 0 1
vt 0 1
vt 0 1
vt 0 1
vt 0 1
vt 0 1
vt 0 1
vt 0 1
vt 0 1
vt 0 1
vt 0 1
vt 0 1
vt 0 1
vt 0 1
vt 0 1
vt 0 1
vt 0 1
vt 0 1
vt 0 1
vt 0 1
vt 0 1
vt 0 1
vt 0 1
vt 0 1
vt 0 1
vt 0 1
vt 0 1
vt 0 1
vt 0 1
vt 0 1
vt 0 1
vt 0 1
vt 0 1
vt 0 1
vt 0 1
vt 0 1
vt 0 1
vt 0 1
vt 0 1
vt 0 1
vt 0 1
vt 0 1
vt 0 1
vt 0 1
vt 0 1
vt 0 1
vt 0 1
vt 0 1
vt 0 1
vt 0 1
vt 0 1
vt 0 1
vt 0 1
vt 0 1
vt 0 1
vt 0 1
vt 0 1
vt 0 1
vt 0 1
vt 0 1
vt 0 1
vt 0 1
vt 0 1
vt 0 1
vt 0 1
vt 0 1
vt 0 1
vt 0 1
vt 0 1
vt 0 1
vt 0 1
vt 0 1
vt 0 1
vt 0 1
vt 0 1
vt 0 1
vt 0 1
vt 0 1
vt 0 1
vt 0 1
vt 0 1
vt 0 1
vt 0 1
vt 0 1
vt 0 1
vt 0 1
vt 0 1
vt 0 1
vt 0 1
vt 0 1
vt 0 1
vt 0 1
vt 0 1
vt 0 1
vt 0 1
vt 0 1
vt 0 1
vt 0 1
vt 0 1
vt 0 1
vt 0 1
vt 0 1
vt 0 1
vt 0 1
vt 0 1
vt 0 1
vt 0 1
vt 0 1
vt 0 1
vt 0 1
vt 0 1
vt 0 1
vt 0 1
vt 0 1
vt 0 1
vt 0 1
vt 0 1
vt 0 1
vt 0 1
vt 0 1
vt 0 1
vt 0 1
vt 0 1
vt 0 1
vt 0 1
vt 0 1
vt 0 1
vt 0 1
vt 0 1
vt 0 1
vt 0 1
vt 0 1
vt 0 1
vt 0 1
vt 0 1
vt 0 1
vt 0 1
vt 0 1
vt 0 1
vt 0 1
vt 0 1
vt 0 1
vt 0 1
vt 0 1
vt 0 1
vt 0 1
vt 0 1
vt 0 1
vt 0 1
vt 0 1
vt 0 1
vt 0 1
vt 0 1
vt 0 1
vt 0 1
vt 0 1
vt 0 1
vt 0 1
vt 0 1
vt 0 1
vt 0 1
vt 0 1
vt 0 1
vt 0 1
vt 0 1
vt 0 1
vt 0 1
vt 0 1
vt 0 1
vt 0 1
vt 0 1
vt 0 1
vt 0 1
vt 0 1
vt 0 1
vt 0 1
vt 0 1
vt 0 1
vt 0 1
vt 0 1
vt 0 1
vt 0 1
vt 0 1
vt 0 1
vt 0 1
vt 0 1
vt 0 1
vt 0 1
vt 0 1
vt 0 1
vt 0 1
vt 0 1
vt 0 1
vt 0 1
vt 0 1
vt 0 1
vt 0 1
vt 0 1
vt 0 1
vt 0 1
vt 0 1
vt 0 1
vt 0 1
vt 0 1
vt 0 1
vt 0 1
vt 0 1
vt 0 1
vt 0 1
vt 0 1
vt 0 1
vt 0 1
vt 0 1
vt 0 1
vt 0 1
vt 0 1
vt 0 1
vt 0 1
vt 0 1
vt 0 1
vt 0 1
vt 0 1
vt 0 1
vt 0 1
vt 0 1
vt 0 1
vt 0 1
vt 0 1
vt 0 1
vt 0 1
vt 0 1
vt 0 1
vt 0 1
vt 0 1
vt 0 1
vt 0 1
vt 0 1
vt 0 1
vt 0 1
vt 0 1
vt 0 1
vt 0 1
vt 0 1
vt 0 1
vt 0 1
vt 0 1
vt 0 1
vt 0 1
vt 0 1
vt 0 1
vt 0 1
vt 0 1
vt 0 1
vt 0 1
vt 0 1
vt 0 1
vt 0 1
vt 0 1
vt 0 1
vt 0 1
vt 0 1
vt 0 1
vt 0 1
vt 0 1
vt 0 1
vt 0 1
vt 0 1
vt 0 1
vt 0 1
vt 0 1
vt 0 1
vt 0 1
vt 0 1
vt 0 1
vt 0 1
vt 0 1
vt 0 1
vt 0 1
vt 0 1
vt 0 1
vt 0 1
vt 0 1
vt 0 1
vt 0 1
vt 0 1
vt 0 1
vt 0 1
vt 0 1
vt 0 1
vt 0 1
vt 0 1
vt 0 1
vt 0 1
vt 0 1
vt 0 1
vt 0 1
vt 0 1
vt 0 1
vt 0 1
vt 0 1
vt 0 1
vt 0 1
vt 0 1
vt 0 1
vt 0 1
vt 0 1
vt 0 1
vt 0 1
vt 0 1
vt 0 1
vt 0 1
vt 0 1
vt 0 1
vt 0 1
vt 0 1
vt 0 1
vt 0 1
vt 0 1
vt 0 1
vt 0 1
vt 0 1
vt 0 1
vt 0 1
vt 0 1
vt 0 1
vt 0 1
vt 0 1
vt 0 1
vt 0 1
vt 0 1
vt 0 1
vt 0 1
vt 0 1
vt 0 1
vt 0 1
vt 0 1
vt 0 1
vt 0 1
vt 0 1
vt 0 1
vt 0 1
vt 0 1
vt 0 1
vt 0 1
vt 0 1
vt 0 1
vt 0 1
vt 0 1
vt 0 1
vt 0 1
vt 0 1
vt 0 1
vt 0 1
vt 0 1
vt 0 1
vt 0 1
vt 0 1
vt 0 1
vt 0 1
vt 0 1
vt 0 1
vt 0 1
vt 0 1
vt 0 1
vt 0 1
vt 0 1
vt 0 1
vt 0 1
vt 0 1
vt 0 1
vt 0 1
vt 0 1
vt 0 1
vt 0 1
vt 0 1
vt 0 1
vt 0 1
vt 0 1
vt 0 1
vt 0 1
vt 0 1
vt 0 1
vt 0 1
vt 0 1
vt 0 1
vt 0 1
vt 0 1
vt 0 1
vt 0 1
vt 0 1
vt 0 1
vt 0 1
vt 0 1
vt 0 1
vt 0 1
vt 0 1
vt 0 1
vt 0 1
vt 0 1
vt 0 1
vt 0 1
vt 0 1
vt 0 1
vt 0 1
vt 0 1
vt 0 1
vt 0 1
vt 0 1
vt 0 1
vt 0 1
vt 0 1
vt 0 1
vt 0 1
vt 0 1
vt 0 1
vt 0 1
vt 0 1
vt 0 1
vt 0 1
vt 0 1
vt 0 1
vt 0 1
vt 0 1
vt 0 1
vt 0 1
vt 0 1
vt 0 1
vt 0 1
vt 0 1
vt 0 1
vt 0 1
vt 0 1
vt 0 1
vt 0 1
vt 0 1
vt 0 1
vt 0 1
vt 0 1
vt 0 1
vt 0 1
vt 0 1
vt 0 1
vt 0 1
vt 0 1
vt 0 1
vt 0 1
vt 0 1
vt 0 1
vt 0 1
vt 0 1
vt 0 1
vt 0 1
vt 0 1
vt 0 1
vt 0 1
vt 0 1
vt 0 1
vt 0 1
vt 0 1
vt 0 1
vt 0 1
vt 0 1
vt 0 1
vt 0 1
vt 0 1
vt 0 1
vt 0 1
vt 0 1
vt 0 1
vt 0 1
vt 0 1
vt 0 1
vt 0 1
vt 0 1
vt 0 1
vt 0 1
vt 0 1
vt 0 1
vt 0 1
vt 0 1
vt 0 1
vt 0 1
vt 0 1
vt 0 1
vt 0 1
vt 0 1
vt 0 1
vt 0 1
vt 0 1
vt 0 1
vt 0 1
vt 0 1
vt 0 1
vt 0 1
vt 0 1
vt 0 1
vt 0 1
vt 0 1
vt 0 1
vt 0 1
vt 0 1
vt 0 1
vt 0 1
vt 0 1
vt 0 1
vt 0 1
vt 0 1
vt 0 1
vt 0 1
vt 0 1
vt 0 1
vt 0 1
vt 0 1
vt 0 1
vt 0 1
vt 0 1
vt 0 1
vt 0 1
vt 0 1
vt 0 1
vt 0 1
vt 0 1
vt 0 1
vt 0 1
vt 0 1
vt 0 1
vt 0 1
vt 0 1
vt 0 1
vt 0 1
vt 0 1
vt 0 1
vt 0 1
vt 0 1
vt 0 1
vt 0 1
vt 0 1
vt 0 1
vt 0 1
vt 0 1
vt 0 1
vt 0 1
vt 0 1
vt 0 1
vt 0 1
vt 0 1
vt 0 1
vt 0 1
vt 0 1
vt 0 1
vt 0 1
vt 0 1
vt 0 1
vt 0 1
vt 0 1
vt 0 1
vt 0 1
vt 0 1
vt 0 1
vt 0 1
vt 0 1
vt 0 1
vt 0 1
vt 0 1
vt 0 1
vt 0 1
vt 0 1
vt 0 1
vt 0 1
vt 0 1
vt 0 1
vt 0 1
vt 0 1
vt 0 1
vt 0 1
vt 0 1
vt 0 1
vt 0 1
vt 0 1
vt 0 1
vt 0 1
vt 0 1
vt 0 1
vt 0 1
vt 0 1
vt 0 1
vt 0 1
vt 0 1
vt 0 1
vt 0 1
vt 0 1
vt 0 1
vt 0 1
vt 0 1
vt 0 1
vt 0 1
vt 0 1
vt 0 1
vt 0 1
vt 0 1
vt 0 1
vt 0 1
vt 0 1
vt 0 1
vt 0 1
vt 0 1
vt 0 1
vt 0 1
vt 0 1
vt 0 1
vt 0 1
vt 0 1
vt 0 1
vt 0 1
vt 0 1
vt 0 1
vt 0 1
vt 0 1
vt 0 1
vt 0 1
vt 0 1
vt 0 1
vt 0 1
vt 0 1
vt 0 1
vt 0 1
vt 0 1
vt 0 1
vt 0 1
vt 0 1
vt 0 1
vt 0 1
vt 0 1
vt 0 1
vt 0 1
vt 0 1
vt 0 1
vt 0 1
vt 0 1
vt 0 1
vt 0 1
vt 0 1
vt 0 1
vt 0 1
vt 0 1
vt 0 1
vt 0 1
vt 0 1
vt 0 1
vt 0 1
vt 0 1
vt 0 1
vt 0 1
vt 0 1
vt 0 1
vt 0 1
vt 0 1
vt 0 1
vt 0 1
vt 0 1
vt 0 1
vt 0 1
vt 0 1
vt 0 1
vt 0 1
vt 0 1
vt 0 1
vt 0 1
vt 0 1
vt 0 1
vt 0 1
vt 0 1
vt 0 1
vt 0 1
vt 0 1
vt 0 1
vt 0 1
vt 0 1
vt 0 1
vt 0 1
vt 0 1
vt 0 1
vt 0 1
vt 0 1
vt 0 1
vt 0 1
vt 0 1
vt 0 1
vt 0 1
vt 0 1
vt 0 1
vt 0 1
vt 0 1
vt 0 1
vt 0 1
vt 0 1
vt 0 1
vt 0 1
vt 0 1
vt 0 1
vt 0 1
vt 0 1
vt 0 1
vt 0 1
vt 0 1
vt 0 1
vt 0 1
vt 0 1
vt 0 1
vt 0 1
vt 0 1
vt 0 1
vt 0 1
vt 0 1
vt 0 1
vt 0 1
vt 0 1
vt 0 1
vt 0 1
vt 0 1
vt 0 1
vt 0 1
vt 0 1
vt 0 1
vt 0 1
vt 0 1
vt 0 1
vt 0 1
vt 0 1
vt 0 1
vt 0 1
vt 0 1
vt 0 1
vt 0 1
vt 0 1
vt 0 1
vt 0 1
vt 0 1
vt 0 1
vt 0 1
vt 0 1
vt 0 1
vt 0 1
vt 0 1
vt 0 1
vt 0 1
vt 0 1
vt 0 1
vt 0 1
vt 0 1
vt 0 1
vt 0 1
vt 0 1
vt 0 1
vt 0 1
vt 0 1
vt 0 1
vt 0 1
vt 0 1
vt 0 1
vt 0 1
vt 0 1
vt 0 1
vt 0 1
vt 0 1
vt 0 1
vt 0 1
vt 0 1
vt 0 1
vt 0 1
vt 0 1
vt 0 1
vt 0 1
vt 0 1
vt 0 1
vt 0 1
vt 0 1
vt 0 1
vt 0 1
vt 0 1
vt 0 1
vt 0 1
vt 0 1
vt 0 1
vt 0 1
vt 0 1
vt 0 1
vt 0 1
vt 0 1
vt 0 1
vt 0 1
vt 0 1
vt 0 1
vt 0 1
vt 0 1
vt 0 1
vt 0 1
vt 0 1
vt 0 1
vt 0 1
vt 0 1
vt 0 1
vt 0 1
vt 0 1
vt 0 1
vt 0 1
vt 0 1
vt 0 1
vt 0 1
vt 0 1
vt 0 1
vt 0 1
vt 0 1
vt 0 1
vt 0 1
vt 0 1
vt 0 1
vt 0 1
vt 0 1
vt 0 1
vt 0 1
vt 0 1
vt 0 1
vt 0 1
vt 0 1
vt 0 1
vt 0 1
vt 0 1
vt 0 1
vt 0 1
vt 0 1
vt 0 1
vt 0 1
vt 0 1
vt 0 1
vt 0 1
vt 0 1
vt 0 1
vt 0 1
vt 0 1
vt 0 1
vt 0 1
vt 0 1
vt 0 1
vt 0 1
vt 0 1
vt 0 1
vt 0 1
vt 0 1
vt 0 1
vt 0 1
vt 0 1
vt 0 1
vt 0 1
vt 0 1
vt 0 1
vt 0 1
vt 0 1
vt 0 1
vt 0 1
vt 0 1
vt 0 1
vt 0 1
vt 0 1
vt 0 1
vt 0 1
vt 0 1
vt 0 1
vt 0 1
vt 0 1
vt 0 1
vt 0 1
vt 0 1
vt 0 1
vt 0 1
vt 0 1
vt 0 1
vt 0 1
vt 0 1
vt 0 1
vt 0 1
vt 0 1
vt 0 1
vt 0 1
vt 0 1
vt 0 1
vt 0 1
vt 0 1
vt 0 1
vt 0 1
vt 0 1
vt 0 1
vt 0 1
vt 0 1
vt 0 1
vt 0 1
vt 0 1
vt 0 1
vt 0 1
vt 0 1
vt 0 1
vt 0 1
vt 0 1
vt 0 1
vt 0 1
vt 0 1
vt 0 1
vt 0 1
vt 0 1
vt 0 1
vt 0 1
vt 0 1
vt 0 1
vt 0 1
vt 0 1
vt 0 1
vt 0 1
vt 0 1
vt 0 1
vt 0 1
vt 0 1
vt 0 1
vt 0 1
vt 0 1
vt 0 1
vt 0 1
vt 0 1
vt 0 1
vt 0 1
vt 0 1
vt 0 1
vt 0 1
vt 0 1
vt 0 1
vt 0 1
vt 0 1
vt 0 1
vt 0 1
vt 0 1
vt 0 1
vt 0 1
vt 0 1
vt 0 1
vt 0 1
vt 0 1
vt 0 1
vt 0 1
vt 0 1
vt 0 1
vt 0 1
vt 0 1
vt 0 1
vt 0 1
vt 0 1
vt 0 1
vt 0 1
vt 0 1
vt 0 1
vt 0 1
vt 0 1
vt 0 1
vt 0 1
vt 0 1
vt 0 1
vt 0 1
vt 0 1
vt 0 1
vt 0 1
vt 0 1
vt 0 1
vt 0 1
vt 0 1
vt 0 1
vt 0 1
vt 0 1
vt 0 1
vt 0 1
vt 0 1
vt 0 1
vt 0 1
vt 0 1
vt 0 1
vt 0 1
vt 0 1
vt 0 1
vt 0 1
vt 0 1
vt 0 1
vt 0 1
vt 0 1
vt 0 1
vt 0 1
vt 0 1
vt 0 1
vt 0 1
vt 0 1
vt 0 1
vt 0 1
vt 0 1
vt 0 1
vt 0 1
vt 0 1
vt 0 1
vt 0 1
vt 0 1
vt 0 1
vt 0 1
vt 0 1
vt 0 1
vt 0 1
vt 0 1
vt 0 1
vt 0 1
vt 0 1
vt 0 1
vt 0 1
vt 0 1
vt 0 1
vt 0 1
vt 0 1
vt 0 1
vt 0 1
vt 0 1
vt 0 1
vt 0 1
vt 0 1
vt 0 1
vt 0 1
vt 0 1
vt 0 1
vt 0 1
vt 0 1
vt 0 1
vt 0 1
vt 0 1
vt 0 1
vt 0 1
vt 0 1
vt 0 1
vt 0 1
vt 0 1
vt 0 1
vt 0 1
vt 0 1
vt 0 1
vt 0 1
vt 0 1
vt 0 1
vt 0 1
vt 0 1
vt 0 1
vt 0 1
vt 0 1
vt 0 1
vt 0 1
vt 0 1
vt 0 1
vt 0 1
vt 0 1
vt 0 1
vt 0 1
vt 0 1
vt 0 1
vt 0 1
vt 0 1
vt 0 1
vt 0 1
vt 0 1
vt 0 1
vt 0 1
vt 0 1
vt 0 1
vt 0 1
vt 0 1
vt 0 1
vt 0 1
vt 0 1
vt 0 1
vt 0 1
vt 0 1
vt 0 1
vt 0 1
vt 0 1
vt 0 1
vt 0 1
vt 0 1
vt 0 1
vt 0 1
vt 0 1
vt 0 1
vt 0 1
vt 0 1
vt 0 1
vt 0 1
vt 0 1
vt 0 1
vt 0 1
vt 0 1
vt 0 1
vt 0 1
vt 0 1
vt 0 1
vt 0 1
vt 0 1
vt 0 1
vt 0 1
vt 0 1
vt 0 1
vt 0 1
vt 0 1
vt 0 1
vt 0 1
vt 0 1
vt 0 1
vt 0 1
vt 0 1
vt 0 1
vt 0 1
vt 0 1
vt 0 1
vt 0 1
vt 0 1
vt 0 1
vt 0 1
vt 0 1
vt 0 1
vt 0 1
vt 0 1
vt 0 1
vt 0 1
vt 0 1
vt 0 1
vt 0 1
vt 0 1
vt 0 1
vt 0 1
vt 0 1
vt 0 1
vt 0 1
vt 0 1
vt 0 1
vt 0 1
vt 0 1
vt 0 1
vt 0 1
vt 0 1
vt 0 1
vt 0 1
vt 0 1
vt 0 1
vt 0 1
vt 0 1
vt 0 1
vt 0 1
vt 0 1
vt 0 1
vt 0 1
vt 0 1
vt 0 1
vt 0 1
vt 0 1
vt 0 1
vt 0 1
vt 0 1
vt 0 1
vt 0 1
vt 0 1
vt 0 1
vt 0 1
vt 0 1
vt 0 1
vt 0 1
vt 0 1
vt 0 1
vt 0 1
vt 0 1
vt 0 1
vt 0 1
vt 0 1
vt 0 1
vt 0 1
vt 0 1
vt 0 1
vt 0 1
vt 0 1
vt 0 1
vt 0 1
vt 0 1
vt 0 1
vt 0 1
vt 0 1
vt 0 1
vt 0 1
vt 0 1
vt 0 1
vt 0 1
vt 0 1
vt 0 1
vt 0 1
vt 0 1
vt 0 1
vt 0 1
vt 0 1
vt 0 1
vt 0 1
vt 0 1
vt 0 1
vt 0 1
vt 0 1
vt 0 1
vt 0 1
vt 0 1
vt 0 1
vt 0 1
vt 0 1
vt 0 1
vt 0 1
vt 0 1
vt 0 1
vt 0 1
vt 0 1
vt 0 1
vt 0 1
vt 0 1
vt 0 1
vt 0 1
vt 0 1
vt 0 1
vt 0 1
vt 0 1
vt 0 1
vt 0 1
vt 0 1
vt 0 1
vt 0 1
vt 0 1
vt 0 1
vt 0 1
vt 0 1
vt 0 1
vt 0 1
vt 0 1
vt 0 1
vt 0 1
vt 0 1
vt 0 1
vt 0 1
vt 0 1
vt 0 1
vt 0 1
vt 0 1
vt 0 1
vt 0 1
vt 0 1
vt 0 1
vt 0 1
vt 0 1
vt 0 1
vt 0 1
vt 0 1
vt 0 1
vt 0 1
vt 0 1
vt 0 1
vt 0 1
vt 0 1
vt 0 1
vt 0 1
vt 0 1
vt 0 1
vt 0 1
vt 0 1
vt 0 1
vt 0 1
vt 0 1
vt 0 1
vt 0 1
vt 0 1
vt 0 1
vt 0 1
vt 0 1
vt 0 1
vt 0 1
vt 0 1
vt 0 1
vt 0 1
vt 0 1
vt 0 1
vt 0 1
vt 0 1
vt 0 1
vt 0 1
vt 0 1
vt 0 1
vt 0 1
vt 0 1
vt 0 1
vt 0 1
vt 0 1
vt 0 1
vt 0 1
vt 0 1
vt 0 1
vt 0 1
vt 0 1
vt 0 1
vt 0 1
vt 0 1
vt 0 1
vt 0 1
vt 0 1
vt 0 1
vt 0 1
vt 0 1
vt 0 1
vt 0 1
vt 0 1
vt 0 1
vt 0 1
vt 0 1
vt 0 1
vt 0 1
vt 0 1
vt 0 1
vt 0 1
vt 0 1
vt 0 1
vt 0 1
vt 0 1
vt 0 1
vt 0 1
vt 0 1
vt 0 1
vt 0 1
vt 0 1
vt 0 1
vt 0 1
vt 0 1
vt 0 1
vt 0 1
vt 0 1
vt 0 1
vt 0 1
vt 0 1
vt 0 1
vt 0 1
vt 0 1
vt 0 1
vt 0 1
vt 0 1
vt 0 1
vt 0 1
vt 0 1
vt 0 1
vt 0 1
vt 0 1
vt 0 1
vt 0 1
vt 0 1
vt 0 1
vt 0 1
vt 0 1
vt 0 1
vt 0 1
vt 0 1
vt 0 1
vt 0 1
vt 0 1
vt 0 1
vt 0 1
vt 0 1
vt 0 1
vt 0 1
vt 0 1
vt 0 1
vt 0 1
vt 0 1
vt 0 1
vt 0 1
vt 0 1
vt 0 1
vt 0 1
vt 0 1
vt 0 1
vt 0 1
vt 0 1
vt 0 1
vt 0 1
vt 0 1
vt 0 1
vt 0 1
vt 0 1
vt 0 1
vt 0 1
vt 0 1
vt 0 1
vt 0 1
vt 0 1
vt 0 1
vt 0 1
vt 0 1
vt 0 1
vt 0 1
vt 0 1
vt 0 1
vt 0 1
vt 0 1
vt 0 1
vt 0 1
vt 0 1
vt 0 1
vt 0 1
vt 0 1
vt 0 1
vt 0 1
vt 0 1
vt 0 1
vt 0 1
vt 0 1
vt 0 1
vt 0 1
vt 0 1
vt 0 1
vt 0 1
vt 0 1
vt 0 1
vt 0 1
vt 0 1
vt 0 1
vt 0 1
vt 0 1
vt 0 1
vt 0 1
vt 0 1
vt 0 1
vt 0 1
vt 0 1
vt 0 1
vt 0 1
vt 0 1
vt 0 1
vt 0 1
vt 0 1
vt 0 1
vt 0 1
vt 0 1
vt 0 1
vt 0 1
vt 0 1
vt 0 1
vt 0 1
vt 0 1
vt 0 1
vt 0 1
vt 0 1
vt 0 1
vt 0 1
vt 0 1
vt 0 1
vt 0 1
vt 0 1
vt 0 1
vt 0 1
vt 0 1
vt 0 1
vt 0 1
vt 0 1
vt 0 1
vt 0 1
vt 0 1
vt 0 1
vt 0 1
vt 0 1
vt 0 1
vt 0 1
vt 0 1
vt 0 1
vt 0 1
vt 0 1
vt 0 1
vt 0 1
vt 0 1
vt 0 1
vt 0 1
vt 0 1
vt 0 1
vt 0 1
vt 0 1
vt 0 1
vt 0 1
vt 0 1
vt 0 1
vt 0 1
vt 0 1
vt 0 1
vt 0 1
vt 0 1
vt 0 1
vt 0 1
vt 0 1
vt 0 1
vt 0 1
vt 0 1
vt 0 1
vt 0 1
vt 0 1
vt 0 1
vt 0 1
vt 0 1
vt 0 1
vt 0 1
vt 0 1
vt 0 1
vt 0 1
vt 0 1
vt 0 1
vt 0 1
vt 0 1
vt 0 1
vt 0 1
vt 0 1
vt 0 1
vt 0 1
vt 0 1
vt 0 1
vt 0 1
vt 0 1
vt 0 1
vt 0 1
vt 0 1
vt 0 1
vt 0 1
vt 0 1
vt 0 1
vt 0 1
vt 0 1
vt 0 1
vt 0 1
vt 0 1
vt 0 1
vt 0 1
vt 0 1
vt 0 1
vt 0 1
vt 0 1
vt 0 1
vt 0 1
vt 0 1
vt 0 1
vt 0 1
vt 0 1
vt 0 1
vt 0 1
vt 0 1
vt 0 1
vt 0 1
vt 0 1
vt 0 1
vt 0 1
vt 0 1
vt 0 1
vt 0 1
vt 0 1
vt 0 1
vt 0 1
vt 0 1
vt 0 1
vt 0 1
vt 0 1
vt 0 1
vt 0 1
vt 0 1
vt 0 1
vt 0 1
vt 0 1
vt 0 1
vt 0 1
vt 0 1
vt 0 1
vt 0 1
vt 0 1
vt 0 1
vt 0 1
vt 0 1
vt 0 1
vt 0 1
vt 0 1
vt 0 1
vt 0 1
vt 0 1
vt 0 1
vt 0 1
vt 0 1
vt 0 1
vt 0 1
vt 0 1
vt 0 1
vt 0 1
vt 0 1
vt 0 1
vt 0 1
vt 0 1
vt 0 1
vt 0 1
vt 0 1
vt 0 1
vt 0 1
vt 0 1
vt 0 1
vt 0 1
vt 0 1
vt 0 1
vt 0 1
vt 0 1
vt 0 1
vt 0 1
vt 0 1
vt 0 1
vt 0 1
vt 0 1
vt 0 1
vt 0 1
vt 0 1
vt 0 1
vt 0 1
vt 0 1
vt 0 1
vt 0 1
vt 0 1
vt 0 1
vt 0 1
vt 0 1
vt 0 1
vt 0 1
vt 0 1
vt 0 1
vt 0 1
vt 0 1
vt 0 1
vt 0 1
vt 0 1
vt 0 1
vt 0 1
vt 0 1
vt 0 1
vt 0 1
vt 0 1
vt 0 1
vt 0 1
vt 0 1
vt 0 1
vt 0 1
vt 0 1
vt 0 1
vt 0 1
vt 0 1
vt 0 1
vt 0 1
vt 0 1
vt 0 1
vt 0 1
vt 0 1
vt 0 1
vt 0 1
vt 0 1
vt 0 1
vt 0 1
vt 0 1
vt 0 1
vt 0 1
vt 0 1
vt 0 1
vt 0 1
vt 0 1
vt 0 1
vt 0 1
vt 0 1
vt 0 1
vt 0 1
vt 0 1
vt 0 1
vt 0 1
vt 0 1
vt 0 1
vt 0 1
vt 0 1
vt 0 1
vt 0 1
vt 0 1
vt 0 1
vt 0 1
vt 0 1
vt 0 1
vt 0 1
vt 0 1
vt 0 1
vt 0 1
vt 0 1
vt 0 1
vt 0 1
vt 0 1
vt 0 1
vt 0 1
vt 0 1
vt 0 1
vt 0 1
vt 0 1
vt 0 1
vt 0 1
vt 0 1
vt 0 1
vt 0 1
vt 0 1
vt 0 1
vt 0 1
vt 0 1
vt 0 1
vt 0 1
vt 0 1
vt 0 1
vt 0 1
vt 0 1
vt 0 1
vt 0 1
vt 0 1
vt 0 1
vt 0 1
vt 0 1
vt 0 1
vt 0 1
vt 0 1
vt 0 1
vt 0 1
vt 0 1
vt 0 1
vt 0 1
vt 0 1
vt 0 1
vt 0 1
vt 0 1
vt 0 1
vt 0 1
vt 0 1
vt 0 1
vt 0 1
vt 0 1
vt 0 1
vt 0 1
vt 0 1
vt 0 1
vt 0 1
vt 0 1
vt 0 1
vt 0 1
vt 0 1
vt 0 1
vt 0 1
vt 0 1
vt 0 1
vt 0 1
vt 0 1
vt 0 1
vt 0 1
vt 0 1
vt 0 1
vt 0 1
vt 0 1
vt 0 1
vt 0 1
vt 0 1
vt 0 1
vt 0 1
vt 0 1
vt 0 1
vt 0 1
vt 0 1
vt 0 1
vt 0 1
vt 0 1
vt 0 1
vt 0 1
vt 0 1
vt 0 1
vt 0 1
vt 0 1
vt 0 1
vt 0 1
vt 0 1
vt 0 1
vt 0 1
vt 0 1
vt 0 1
vt 0 1
vt 0 1
vt 0 1
vt 0 1
vt 0 1
vt 0 1
vt 0 1
vt 0 1
vt 0 1
vt 0 1
vt 0 1
vt 0 1
vt 0 1
vt 0 1
vt 0 1
vt 0 1
vt 0 1
vn -0.2902813078681319 0.9569413578179006 0
vn -0.09801469793111812 -0.995184967224421 0
vn -0.47139767703388574 0.8819207617961243 0
vn 0.0980155271335514 -0.9951848855568157 0
vn -0.6343902101493184 0.7730129761308692 0
vn 0.2902867310140923 -0.9569397127286295 0
vn -0.7730095549367689 0.6343943788972746 0
vn 0.4713976770338917 -0.8819207617961214 0
vn -0.8819242958900773 0.47139106516648344 0
vn 0.9951849672244214 0.09801469793111439 0
vn 0.634394378897274 -0.7730095549367691 0
vn -0.9569397127286282 0.29028673101409685 0
vn 0.9569397127286271 0.2902867310141003 0
vn 0.7730095549367659 -0.6343943788972782 0
vn -0.9951849672244214 0.09801469793111439 0
vn 0.8819207617961243 0.47139767703388574 0
vn 0.8819242958900788 -0.4713910651664805 0
vn -0.9951849672244214 -0.09801469793111439 0
vn 0.7730095549367689 0.6343943788972746 0
vn 0.9569397127286278 -0.2902867310140982 0
vn -0.956938996384706 -0.2902890924548002 0
vn 0.634394378897274 0.7730095549367691 0
vn 0.995184885556816 -0.09801552713354764 0
vn -0.8819207617961243 -0.47139767703388574 0
vn 0.47140121116117356 0.8819188727517849 0
vn -0.7730129761308673 -0.6343902101493206 0
vn 0.2902789464790981 0.9569420741251713 0
vn -0.6343892991721523 -0.7730137236569276 -0.000011572234970051505
vn 0.09801469793111812 0.995184967224421 0
vn -0.4713976769928072 -0.881920761719258 -0.000013202604246467882
vn -0.09801469793111812 0.995184967224421 0
vn -0.2902867310140923 -0.9569397127286295 0
vn 0.23023750545971094 0.28054440194524843 0.9318183994839728
vn 0.3611733763619928 -0.035571881551353074 0.9318199576367608
vn -0.3200703718932347 -0.171081616777633 0.9318186719726526
vn 0.17107700793506705 0.32005866429617114 0.9318235394992637
vn -0.28054196622364247 -0.2302329746120461 0.9318202522958285
vn 0.10534917239196114 0.34729716625657076 0.9318187753992109
vn -0.23023415327886435 -0.28054031731286444 0.9318204575056086
vn 0.03557239055666523 0.3611816296685223 0.9318167391821607
vn -0.1710775175581423 -0.3200627028126427 0.9318220587936357
vn -0.03557199052292562 0.3611775679556114 0.931818328804444
vn -0.10534756052820657 -0.34729185253932315 0.9318209380833644
vn -0.10534973283111432 0.3472959286340161 0.9318191733092046
vn -0.03557157808185442 -0.3611733802657793 0.9318199677084396
vn -0.1710816167776354 0.32007037189323906 0.9318186719726504
vn 0.03557155647943645 -0.3611700757965726 0.9318212493384814
vn -0.2302329746120468 0.280541966223645 0.9318202522958278
vn 0.10535164995603953 -0.34729516327608306 0.931819241814945
vn -0.28054031731286205 0.23023415327886268 0.9318204575056097
vn 0.17107976587481438 -0.32006690910649266 0.9318202012208336
vn -0.32007025851090326 0.17107847101013735 0.9318192884747541
vn 0.3611701311667895 0.03557125808158524 0.9318212392682715
vn 0.23023773351746954 -0.28054467983362885 0.9318182594700457
vn -0.34729655081598465 0.10535207086492077 0.9318186770803605
vn 0.34729516327608634 0.10535164995604367 0.9318192418149434
vn 0.2805403173128612 -0.23023415327886423 0.9318204575056098
vn -0.3611816296685295 0.03557239055666457 0.9318167391821577
vn 0.3200669091064912 0.17107976587481086 0.9318202012208349
vn 0.32006679578676417 -0.1710766201741539 0.9318208176814801
vn -0.361177567955612 -0.035571990522924306 0.9318183288044436
vn 0.2805446798336309 0.23023773351747148 0.9318182594700446
vn 0.34728892347088697 -0.10534975711720525 0.9318217814098244
vn -0.34729714381797866 -0.10535318664193642 0.9318183299121474
vn 0 0 1
vn 0 0 1
vn 0 0 1
vn 0 0 1
vn 0 0 1
vn 0 0 1
vn 0 0 1
vn 0 0 1
vn 0 0 1
vn 0 0 1
vn 0 0 1
vn 0 0 1
vn 0 0 1
vn 0 0 1
vn 0 0 1
vn 0 0 1
vn 0 0 1
vn 0 0 1
vn 0 0 1
vn 0 0 1
vn 0 0 1
vn 0 0 1
vn 0 0 1
vn 0 0 1
vn 0 0 1
vn 0 0 1
vn 0 0 1
vn 0 0 1
vn 0 0 1
vn 0 0 1
vn 0 0 1
vn 0 0 1
vn 0.08369568658639198 -0.06868747322625046 0.9941212516934873
vn -0.04653678932253947 0.08706398586671202 0.9951151639908573
vn 0.09343233524487457 -0.04993985111570496 0.9943723698902894
vn -0.11100875490236142 -0.010933132973069156 0.9937592882274967
vn -0.06373470863963529 0.07766074290441799 0.9949405489405659
vn 0.09921560509926383 -0.03009695729705631 0.9946106961350487
vn -0.10876018350915145 -0.032992295873416684 0.9935203726628141
vn -0.07919860954109616 0.06499680681626474 0.9947376515194578
vn 0.10108493170795933 -0.009955746291441598 0.9948279849790002
vn -0.10184339290762988 -0.05443656722643788 0.9933099131034906
vn -0.09228176168321278 0.0493248662476023 0.9945104997084239
vn 0.09920086598672928 0.009770186683297832 0.995019462945151
vn -0.0903796142742943 -0.07417284676022694 0.9931414371211755
vn -0.10233099230700608 0.031042006976100454 0.9942659411929784
vn 0.0938355355491644 0.02846517129878398 0.9951807003208677
vn -0.07479097203488061 -0.09113279992560133 0.9930262450105728
vn -0.10874550473706447 0.010710319383762946 0.9940119235996011
vn 0.08531162603253209 0.045600131075059044 0.9953102805204128
vn -0.055784004595799755 -0.10436325848532349 0.9929735419987692
vn 0.07400916794981563 0.06073726193273033 0.9954062628255316
vn -0.03431617618416489 -0.11312771116207747 0.9929876741527697
vn 0.06032905613572084 0.07351194036380827 0.995467929975507
vn -0.01152065896320898 -0.11697415647561611 0.9930681351920781
vn 0.044693755441929564 0.08361592083968243 0.9954952767374786
vn 0.011404258746096274 -0.11579229550274822 0.9932079778096108
vn 0.02754513642381884 0.09080344404443508 0.9954878201209005
vn 0.03330571990899074 -0.10979563605690665 0.993396017368805
vn 0.009344032074094387 0.09487393676340924 0.9954454405880873
vn 0.05316379141500689 -0.09946220295294919 0.9936200891015279
vn -0.009421870377033343 0.0956634450388977 0.9953691444091928
vn 0.07015552546269564 -0.08548544832868522 0.9938664097206912
vn -0.028234605485287965 0.09307630137867372 0.9952585639796107
vn -0.995184326826053 -0.09802119995070352 0
vn 0.7730075068205484 0.6343968745186882 0
vn 0.9569397134842758 -0.29028672852308035 0
vn -0.9569403925262833 -0.2902844900294248 0
vn 0.6343911958311452 0.7730121672082074 0
vn 0.9951850354615783 -0.09801400508772913 0
vn -0.8819211562754549 -0.4713969390161171 0
vn 0.47140320663798607 0.8819178061312881 0
vn -0.773011458558765 -0.6343920593267628 0
vn 0.2902771107279929 0.9569426309802529 0
vn -0.6343920593267625 -0.7730114585587653 0
vn 0.9951835969844962 0.09802860956348307 2.2382698560432853e-7
vn -0.4713969390161156 -0.8819211562754556 0
vn 0 0 1
vn -0.29027711072799395 -0.9569426309802527 0
vn 0 0 -1
vn -0.09802198603770228 -0.9951842493996901 0
vn -0.47140320663798607 0.8819178061312881 0
vn 0.09802119995070671 -0.9951843268260527 0
vn -0.6343872440609887 0.7730154103073907 0
vn 0.29028672852307935 -0.9569397134842761 0
vn -0.773011458558765 0.6343920593267628 0
vn 0.4713969390161156 -0.8819211562754556 0
vn -0.8819211562754549 0.4713969390161171 0
vn 0.9951842493996901 0.09802198603770192 0
vn 0.6343920593267642 -0.7730114585587637 0
vn -0.9569403925262827 0.29028449002942674 0
vn 0.9569403925262835 0.29028449002942347 0
vn 0.7730114585587633 -0.634392059326765 0
vn -0.9951842493996905 0.09802198603769839 0
vn 0.8819245064005314 0.4713906713228203 0
vn 0.8819229469416174 -0.4713935889018997 0
vn -0.773011458558765 -0.6343920593267628 0
vn 0.2902771107279929 0.9569426309802529 0
vn -0.6343920593267625 -0.7730114585587652 0
vn 0.09802198603770228 0.9951842493996901 0
vn -0.4713969390161157 -0.8819211562754558 0
vn -0.09802119995070671 0.9951843268260526 0
vn -0.29027711072799395 -0.9569426309802528 0
vn -0.29027934917521525 0.9569419519711807 0
vn -0.09802198603770228 -0.9951842493996901 0
vn -0.4714032066379861 0.8819178061312882 0
vn 0.09802119995070671 -0.9951843268260526 0
vn -0.6343872440609888 0.7730154103073907 0
vn 0.2902867285230793 -0.9569397134842761 0
vn -0.773011458558765 0.6343920593267628 0
vn 0.4713969390161157 -0.8819211562754558 0
vn -0.8819211562754549 0.4713969390161171 0
vn 0.9951842493996901 0.09802198603770192 0
vn 0.6343920593267642 -0.773011458558764 0
vn -0.9569403925262827 0.2902844900294268 0
vn 0.9569403925262836 0.29028449002942347 0
vn 0.7730114585587633 -0.634392059326765 0
vn -0.9951842493996906 0.0980219860376984 0
vn 0.8819245064005314 0.4713906713228203 0
vn 0.8819229469416175 -0.4713935889018998 0
vn -0.995184326826053 -0.09802119995070352 0
vn 0.7730075068205484 0.6343968745186882 0
vn 0.9569397134842758 -0.29028672852308035 0
vn -0.9569403925262832 -0.2902844900294247 0
vn 0.6343911958311453 0.7730121672082075 0
vn 0.9951850354615783 -0.09801400508772912 0
vn -0.8819211562754549 -0.4713969390161171 0
vn 0.4714032066379861 0.8819178061312882 0
vn -0.0000025375605871549155 -0.000008365454301421906 -0.9999999999617901
vn -0.00000253759938570012 0.000008365511760903725 -0.9999999999617896
vn -8.569019331347317e-7 -0.000008699837063164867 -0.9999999999617893
vn -0.000004120954362319911 0.00000770962729826174 -0.9999999999617897
vn 8.568851652488743e-7 -0.000008699737268818076 -0.9999999999617903
vn -0.000005545761340100076 0.000006757637417709782 -0.9999999999617895
vn 0.0000025376445939881977 -0.000008365428564547413 -0.99999999996179
vn -0.0000067575450198750765 0.000005545755957026301 -0.9999999999617901
vn 0.000004120879704983142 -0.000007709619417292283 -0.9999999999617902
vn -0.00000770965831014976 0.000004120900493660054 -0.9999999999617898
vn 0 0 -1
vn 0.000005545769360908659 -0.000006757561352605734 -0.9999999999617899
vn -0.000008365498360250386 0.0000025376443969895367 -0.9999999999617895
vn 0 0 -1
vn 0.00000675754501987506 -0.000005545755957026319 -0.9999999999617901
vn -0.000008699753921887313 8.568937440248391e-7 -0.99999999996179
vn 0 0 -1
vn 0.00000770964918029054 -0.000004120857960295633 -0.9999999999617899
vn -0.000008699737268818108 -8.568851652488494e-7 -0.9999999999617903
vn 0 0 -1
vn 0.000008365441744343818 -0.000002537648592066589 -0.99999999996179
vn -0.000008365432573313558 -0.0000025376244407544613 -0.99999999996179
vn 0 0 -1
vn 0.000008699767665175923 -8.568246525141151e-7 -0.99999999996179
vn -0.000007709619417292235 -0.000004120879704983134 -0.9999999999617902
vn 0 0 -1
vn -0.00000675760701754976 -0.0000055458068370385955 -0.9999999999617895
vn 0 0 -1
vn -0.000005545755957026296 -0.000006757545019875077 -0.9999999999617902
vn 0 0 -1
vn -0.000004120885704799257 -0.000007709630642152539 -0.99999999996179
vn 0 0 -1
vn 0.2377578834214721 -0.7837735965662509 -0.5737335079952586
vn -0.6331248613869707 0.5195947973356385 -0.5737370098533525
vn 0.3860925655011378 -0.7223308357410106 -0.5737339928943053
vn -0.7223257308000522 0.38609414739232684 -0.5737393554337744
vn 0.8150991391929472 0.08028249100310567 -0.5737317447424822
vn 0.5195945748934363 -0.6331263524093425 -0.5737355659414454
vn -0.7837738963909381 0.23774746359671858 -0.5737374163234381
vn 0.7837780675181929 0.2377487288530979 -0.5737311938583984
vn 0.6331269616757333 -0.5195950749066018 -0.5737344407755713
vn -0.8150950882187324 0.08028209200586936 -0.5737375557385607
vn 0.7223287076400253 0.38609573855880797 -0.5737345368598789
vn 0.7223297934974289 -0.38609200841222363 -0.5737356799661123
vn -0.8150972534345949 -0.08028151096673818 -0.573734560960273
vn 0.6331309749049002 0.5195917501575953 -0.5737330230901283
vn 0.783771416820045 -0.23775477585620355 -0.5737377734936631
vn -0.7837716580856209 -0.23775484904341668 -0.5737374135770289
vn 0.5195938283604774 0.6331254427584109 -0.573737245837909
vn 0.8150968697526577 -0.08026852644248722 -0.5737369227983944
vn -0.7223306674753972 -0.3860844111352519 -0.5737396921103621
vn 0.38609115302112557 0.722328193167807 -0.5737382703931725
vn -0.6331195298322717 -0.5195970401312339 -0.5737408620900419
vn 0.23775534107844548 0.7837732801055949 -0.5737349938614422
vn -0.5195925931062302 -0.6331239376002514 -0.5737400254703313
vn 0.08027432131824984 0.8150980715570139 -0.5737344046516047
vn -0.3860902351456384 -0.7223264759377219 -0.5737410500256864
vn -0.08026804948968885 0.8151000902638064 -0.5737324141819564
vn -0.23775699401968248 -0.7837706646355431 -0.5737378818341037
vn -0.2377548490434128 0.7837716580856235 -0.5737374135770269
vn -0.08027331970116283 -0.8150959656576225 -0.5737375366078314
vn -0.3860942029989821 0.722325834831972 -0.5737391870396128
vn 0.08028123982132039 -0.815094500498297 -0.5737385099417536
vn -0.5195932117766806 0.6331246914506272 -0.5737386333088804
vn 0.9083382229571382 0.2755428447101873 -0.31463917976642103
vn 0.7337516333482461 -0.6021715776653729 -0.31463936754763683
vn -0.9446393789231088 0.09305028272484767 -0.31463961713774896
vn 0.8371301729596645 0.44745407242631424 -0.31463935956842565
vn 0.8371327298242084 -0.447449285967231 -0.3146393636283991
vn -0.9446395995942997 -0.09304917051780759 -0.314639283536353
vn 0.7337460057677586 0.6021784709786999 -0.31463929841902366
vn 0.9083385735864873 -0.27554295107300003 -0.31463807437887736
vn -0.9083372840809086 -0.27554605198353277 -0.31463908146447245
vn 0.6021718051148652 0.7337519104975486 -0.3146382859187707
vn 0.9446406583179968 -0.09303889688422798 -0.31463914301801016
vn -0.8371330450969754 -0.44744945448121864 -0.31463828516429077
vn 0.4474631466910287 0.8371256126633614 -0.31463858786924875
vn -0.7337462829127516 -0.6021786984289984 -0.31463821679840137
vn 0.2755428222325558 0.9083381488587093 -0.31463941336719287
vn -0.6021718051148652 -0.7337519104975486 -0.3146382859187707
vn 0.09303889242822896 0.9446406130754371 -0.3146392801672906
vn -0.44746324976032104 -0.8371258054880748 -0.31463792826020587
vn -0.09303775845728135 0.9446406113890291 -0.3146396205435766
vn -0.27554282223255594 -0.9083381488587099 -0.31463941336719176
vn -0.2755460519835327 0.9083372840809085 -0.31463908146447284
vn -0.09302750208963642 -0.9446418471068865 -0.31463894315461394
vn -0.4474582619627992 0.8371279858485865 -0.31463922055319143
vn 0.09302639159663127 -0.9446420824189261 -0.31463856500712895
vn -0.6021717646058556 0.7337518611369461 -0.31463847855838895
vn 0.2755460519835328 -0.908337284080909 -0.3146390814644716
vn -0.7337516333482437 0.602171577665376 -0.3146393675476365
vn 0.44745826196278926 -0.8371279858485922 -0.31463922055319066
vn -0.8371256126633615 0.44746314669102877 -0.31463858786924814
vn 0.9446405117414532 0.09303888244771204 -0.31463958735309566
vn 0.6021713504936168 -0.7337513565373552 -0.31464044785164696
vn -0.9083414493772217 0.2755323117487093 -0.31463908931615703
vn 0 0 -1
vn 0 0 -1
vn 0 0 -1
vn 0 0 -1
vn 0 0 -1
vn 0 0 -1
vn 0 0 -1
vn 0 0 -1
vn 0 0 -1
vn 0 0 -1
vn 0 0 -1
vn 0 0 -1
vn 0 0 -1
vn 0 0 -1
vn 0 0 -1
vn 0 0 -1
vn 0 0 -1
vn 0 0 -1
vn 0 0 -1
vn 0 0 -1
vn 0 0 -1
vn 0 0 -1
vn 0 0 -1
vn 0 0 -1
vn 0 0 -1
vn 0 0 -1
vn 0 0 -1
vn 0 0 -1
vn 0 0 -1
vn 0 0 -1
vn 0 0 -1
vn 0 0 -1
vn -0.09801298498346772 -0.9951851359293057 0
vn 0.4713822155882818 0.8819290259579186 0
vn 0.09801298498346772 -0.9951851359293057 0
vn 0.2902836697936967 0.956940641341512 0
vn 0.2902836697936967 -0.956940641341512 0
vn 0.09801298498346772 0.9951851359293057 0
vn 0.4714061129002179 -0.8819162526681924 0
vn -0.09801298498346772 0.9951851359293057 0
vn 0.6344032404339554 -0.7730022823555549 0
vn -0.2902836697936967 0.956940641341512 0
vn 0.7730173496664954 -0.6343848809000632 0
vn -0.4713822155882818 0.8819290259579186 0
vn 0.8819162526681956 -0.47140611290021234 0
vn -0.9951851359293058 -0.09801298498346636 0
vn -0.6344032404339487 0.7730022823555603 0
vn 0.9569380522518871 -0.290292204773681 0
vn -0.9569380522518908 -0.2902922047736685 0
vn -0.773017349666502 0.6343848809000551 0
vn 0.9951851359293058 -0.09801298498346636 0
vn -0.88191625266819 -0.4714061129002229 0
vn -0.88191625266819 0.4714061129002229 0
vn 0.995185431077578 0.09800998811822845 0
vn -0.773017349666502 -0.6343848809000551 0
vn -0.9569380522518931 0.2902922047736609 0
vn 0.9569380522518893 0.29029220477367335 0
vn -0.6344032404339487 -0.7730022823555603 0
vn -0.995185431077578 0.09800998811822845 0
vn 0.8819162526681956 0.47140611290021234 0
vn -0.4714061129002179 -0.8819162526681924 0
vn 0.7730173496664954 0.6343848809000632 0
vn -0.2902836697936967 -0.956940641341512 0
vn 0.6344032404339554 0.7730022823555549 0
vn 0.4714061129002179 -0.8819162526681924 0
vn -0.09801298498346772 0.9951851359293058 0
vn 0.6344032404339555 -0.7730022823555549 0
vn -0.29028366979369663 0.9569406413415119 0
vn -0.7730173496664953 0.6343848809000632 0
vn 0.4713822155882817 -0.8819290259579184 0
vn 0.8819162526681955 -0.4714061129002122 0
vn -0.9951851359293058 -0.09801298498346638 0
vn 0.6344032404339487 -0.7730022823555603 0
vn 0.9569380522518871 -0.29029220477368095 0
vn 0.956938052251891 0.29029220477366846 0
vn 0.773017349666502 -0.6343848809000551 0
vn -0.9951851359293058 0.09801298498346638 0
vn 0.88191625266819 0.4714061129002229 0
vn -0.88191625266819 0.4714061129002229 0
vn -0.995185431077578 -0.09800998811822845 0
vn -0.773017349666502 -0.6343848809000551 0
vn 0.9569380522518932 -0.2902922047736609 0
vn 0.9569380522518893 0.2902922047736734 0
vn 0.6344032404339487 0.7730022823555603 0
vn -0.995185431077578 0.09800998811822845 0
vn -0.8819162526681955 -0.4714061129002122 0
vn -0.4714061129002179 -0.8819162526681924 0
vn 0.7730173496664953 0.6343848809000632 0
vn 0.29028366979369663 0.9569406413415119 0
vn 0.6344032404339555 0.7730022823555549 0
vn 0.09801298498346772 0.9951851359293058 0
vn -0.4713822155882817 -0.8819290259579184 0
vn 0.09801298498346772 -0.9951851359293058 0
vn 0.29028366979369663 0.9569406413415119 0
vn -0.29028366979369663 0.9569406413415119 0
vn 0.09801298498346772 0.9951851359293058 0
vn 0 0 1
vn 0 0 1
vn 0 0 1
vn 0 0 1
vn 0 0 1
vn 0 0 1
vn 0 0 1
vn 0 0 1
vn 0 0 1
vn 0 0 1
vn 0 0 1
vn 0 0 1
vn 0 0 1
vn 0 0 1
vn 0 0 1
vn 0 0 1
vn 0 0 1
vn 0 0 1
vn 0 0 1
vn 0 0 1
vn 0 0 1
vn 0 0 1
vn 0 0 1
vn 0 0 1
vn 0 0 1
vn 0 0 1
vn 0 0 1
vn 0 0 1
vn 0 0 1
vn 0 0 1
vn 0 0 1
vn 0 0 1
vn 0.994491819996757 0.09794826677391183 0.03731162011391154
vn -0.7724727894009152 -0.6339510023098216 0.03730839457202796
vn -0.9562761178725911 0.29007552758727445 0.03731185711661246
vn 0.9562727395336282 0.29008628391692165 0.037314816201087134
vn -0.6339497887856362 -0.7724738849859919 0.03730633074018295
vn -0.9944917303395634 0.09794941828916699 0.037310986894414234
vn 0.8813079196952585 0.4710668409241799 0.03731463605784242
vn -0.4710760021084761 -0.8813030182996308 0.037314744719154636
vn 0.7724680472058619 0.6339567790415122 0.037308422015330384
vn -0.290075527587273 -0.9562761178725916 0.037311857116612474
vn 0.6339508734672598 0.77247263240555 0.03731383409056908
vn -0.09794826907577339 -0.9944918433680516 0.03731099113498114
vn 0.47107173653928197 0.8813052975755371 0.037314762482954726
vn 0.09794826677391699 -0.9944918199967563 0.03731162011391199
vn 0.29008631643956856 0.9562728467449041 0.03731181572799371
vn 0.290075495963203 -0.9562760136192556 0.03731477479721863
vn 0.09793663632893967 0.9944933500626555 0.037301366539710286
vn 0.4710760735435889 -0.8813031519425626 0.03731068628235155
vn -0.09794827025854064 0.9944918553769659 0.037310667941484625
vn 0.6339497400479593 -0.7724738255986715 0.037308388575197485
vn -0.290075526527219 0.9562761143779697 0.037311954922371084
vn 0.772472849134212 -0.6339510513315864 0.03730632474594037
vn -0.4710668409241736 0.8813079196952619 0.03731463605784621
vn 0.8813079148601631 -0.4710668383397788 0.037314782880196684
vn -0.9944918553769659 -0.09794827025854115 0.037310667941484646
vn -0.6339510023098183 0.7724727894009173 0.03730839457203737
vn 0.9562728467449042 -0.29008631643956856 0.037311815727994954
vn -0.9562730716687161 -0.29008638467042996 0.03730552010250033
vn -0.7724786255279451 0.6339440107315755 0.03730635817151158
vn 0.9944918433680522 -0.09794826907576872 0.03731099113497687
vn -0.8813082017988978 -0.47106699171105304 0.037306068705935225
vn -0.8813030182996321 0.47107600210847406 0.03731474471915288
vn 0.9951847125018615 0.09801728420328355 0
vn -0.22766516900168923 0.7505056903678069 0.6204109763285737
vn 0.09768240160419454 -0.99174459333405 -0.08307111417043093
vn 0.8470184088057647 0.5315635570128473 0
vn -0.9951835969845201 -0.09802860956349671 0
vn 0 0 1
vn 0 0 1
vn 0 0 -1
vn 0 0 1
vn 1 0 0
vn -0.07492251048442508 0.7652349419217146 0.6393763376015579
vn 0.9987619081794996 0.03389987706053669 -0.036406717854337745
vn 0.08805305617453314 0.893973058071925 0.4393846045776472
vn -0.9215815174235573 0.38818488731955236 0
vn 0.172475472069672 -0.568571045824766 0.8043501584410085
vn 0.09771067295612913 0.9920235924090527 0.07963552281675625
vn -0.07561587975075487 0.7677088061048308 0.6363217957595158
vn 0.9318128698074775 0.3629300024443264 -0.002566902201932749
vn -0.09755943411212412 0.9897915622873633 -0.10389812337315323
vn -0.9631058785163448 0.2656849302857449 -0.04287871950418958
vn 0.0158265634015673 -0.16781980574813268 -0.9856906374159975
vn -0.7515561462813743 0.5176104144755916 0.4089533198460377
vn 0.7378825327430472 0.4852963791371463 0.46905947625976074
vn -1 0 0
vn -0.9977432869076295 -0.04827875316661666 -0.04666364134352138
vn -0.2902919683450532 0.9569381239737262 0
vn -0.7730093521596842 -0.6343946259810728 0
vn -0.9569414283251733 0.2902810754337552 0
vn 0.9569381239737244 0.2902919683450595 0
vn -0.6343933513828515 -0.7730103981973556 0
vn -0.9951845982170548 0.09801844454774337 0
vn 0.8819222045895316 0.47139497775426104 0
vn -0.471394977754257 -0.8819222045895341 0
vn 0.7730103981973556 0.6343933513828515 0
vn -0.2902810754337571 -0.9569414283251726 0
vn 0.634387517999163 0.7730151854864084 -0.0000037782701708058365
vn -0.09801728420328407 -0.9951847125018615 0
vn 0.4713999230352357 0.8819195612766358 0
vn 0.09801728420328407 -0.9951847125018615 0
vn 0.2902919683450532 0.9569381239737264 0
vn 0.29028107543375853 -0.9569414283251721 0
vn 0.09801728420328407 0.9951847125018615 0
vn 0.4713999230352275 -0.8819195612766403 0
vn -0.09802790474635378 0.9951836663990119 -0.0000048641641610880184
vn 0.6343875180036911 -0.7730151854919258 0
vn -0.29028107543374887 0.9569414283251753 0
vn 0.7730093521596818 -0.634394625981076 0
vn -0.4713999230352335 0.8819195612766371 0
vn 0.8819271498052337 -0.47138572574529336 0
vn -0.9951848267826086 -0.09801612388617406 0
vn -0.6343875180036936 0.7730151854919237 0
vn 0.9569381239737252 -0.2902919683450566 0
vn -0.9569404259729329 -0.29028437977049654 0
vn -0.7730151854919258 0.6343875180036911 0
vn 0.9951847125018615 -0.09801728420328458 0
vn -0.8819222045895316 -0.47139497775426104 0
vn -0.8819222045895316 0.47139497775426104 0
vn 0 0 1
vn 0.7730093521596817 -0.634394625981076 0
vn -0.4713999230352335 0.8819195612766371 0
vn 0.8819271498052337 -0.47138572574529336 0
vn -0.9951848267826084 -0.09801612388617403 0
vn -0.6343875180036936 0.7730151854919237 0
vn 0.9569381239737252 -0.2902919683450566 0
vn -0.9569404259729328 -0.2902843797704966 0
vn -0.7730151854919258 0.6343875180036911 0
vn 0.9951847125018615 -0.09801728420328461 0
vn -0.8819222045895317 -0.47139497775426104 0
vn -0.8819222045895317 0.47139497775426104 0
vn 0.9951847125018616 0.09801728420328357 0
vn -0.7730093521596842 -0.6343946259810728 0
vn -0.9569414283251733 0.2902810754337552 0
vn 0.9569381239737244 0.29029196834505955 0
vn -0.6343933513828515 -0.7730103981973555 0
vn -0.995184598217055 0.09801844454774336 0
vn 0.8819222045895317 0.47139497775426104 0
vn -0.471394977754257 -0.881922204589534 0
vn 0.7730103981973555 0.6343933513828515 0
vn -0.2902810754337571 -0.9569414283251726 0
vn 0.634394625981076 0.7730093521596817 0
vn -0.0980172842032841 -0.9951847125018616 0
vn 0.471390670984667 0.881924506581275 0
vn 0.0980172842032841 -0.9951847125018616 0
vn 0.2902919683450532 0.9569381239737262 0
vn 0.29028107543375853 -0.9569414283251721 0
vn 0.0980172842032841 0.9951847125018616 0
vn 0.4713999230352276 -0.8819195612766404 0
vn -0.09801612388616832 0.9951848267826091 0
vn 0.6343875180036911 -0.7730151854919258 0
vn -1 0 0
vn -0.9441107015584688 0.3296260100277451 -0.0012948806758936245
vn -0.09802004604188834 0.9951767523258381 -0.003911803183149147
vn 0.9307948844938093 0.36553275376966393 -0.0025862949797838867
vn -0.9195499700141273 0.3929730940497294 0
vn 1 0 0
vn -0.9951835969845201 -0.09802860956349672 0
vn -0.8508735612324299 -0.5253705195342072 0
vn 0.8819229469416174 -0.47139358890189975 0
vn 0.8819245064005313 0.47139067132282025 0
vn -0.9951842493996905 0.09802198603769838 0
vn 0.7730114585587632 -0.6343920593267649 0
vn 0.9569403925262835 0.2902844900294234 0
vn -0.9569403925262827 0.29028449002942674 0
vn 0.6343920593267642 -0.773011458558764 0
vn 0.9951842493996902 0.09802198603770193 0
vn -0.881921156275455 0.47139693901611723 0
vn 0.4713969390161157 -0.8819211562754556 0
vn -0.773011458558765 0.6343920593267628 0
vn 0.2902867285230793 -0.956939713484276 0
vn -0.6343872440609887 0.7730154103073907 0
vn 0.09802119995070671 -0.9951843268260526 0
vn -0.47139693901515994 0.8819211562736676 0.0000020136749345639005
vn -0.09802198603770228 -0.9951842493996901 0
vn -0.29027711072799395 -0.9569426309802528 0
vn -0.4713969390161157 -0.8819211562754556 0
vn 0.9951838412741456 0.09802612951063897 0
vn -0.6343920593267625 -0.7730114585587654 0
vn 0.29028449002873286 0.9569403925239988 0.0000021849650261807816
vn -0.773011458558765 -0.6343920593267628 0
vn 0.4713969390161157 0.8819211562754556 0
vn -0.881921156275455 -0.47139693901611723 0
vn 0.9951850354615782 -0.09801400508772909 0
vn 0.6343911958311453 0.7730121672082074 0
vn -0.9569403925262833 -0.29028449002942475 0
vn 0.9569397134842758 -0.2902867285230803 0
vn 0.7730075068205484 0.6343968745186882 0
vn -0.995184326826053 -0.09802119995070352 0
vn 0.9951838412741455 0.09802612951063894 0
vn -0.9187176249091563 0.39491508667215935 0
vn -1 0 0
vn -0.944491874861867 0.32853223549268484 -0.001291728336203736
vn -0.09800475697511807 0.995178277718922 -0.003906810290821472
vn 0.9315250191385425 0.363668132088397 -0.0025745722507426088
vn 1 0 0
vn -0.9951835969845202 -0.09802860956349674 0
vn 0.8493496912248534 0.5278305618437097 0
vn 0.8819229469416175 -0.47139358890189975 0
vn 0.8819245064005315 0.4713906713228203 0
vn -0.9951842493996906 0.0980219860376984 0
vn 0.7730114585587633 -0.6343920593267649 0
vn 0.9569403925262836 0.29028449002942347 0
vn -0.9569403925262827 0.29028449002942674 0
vn 0.6343920593267642 -0.773011458558764 0
vn 0.9951842493996901 0.09802198603770192 0
vn -0.8819211562754549 0.47139693901611707 0
vn 0.4713969390161156 -0.8819211562754556 0
vn -0.773011458558765 0.6343920593267628 0
vn 0.29028672852307935 -0.956939713484276 0
vn -0.6343872440609887 0.7730154103073906 0
vn 0.0980211999507067 -0.9951843268260526 0
vn -0.471403206637986 0.8819178061312881 0
vn -0.09802198603770226 -0.9951842493996901 0
vn -0.29027711072799395 -0.9569426309802528 0
vn -0.4713969390161156 -0.8819211562754556 0
vn -0.6343920593267625 -0.7730114585587653 0
vn 0.2902771107279929 0.9569426309802529 0
vn -0.773011458558765 -0.6343920593267628 0
vn 0.471403206637986 0.8819178061312881 0
vn -0.8819211562754549 -0.47139693901611707 0
vn 0.9951850354615782 -0.09801400508772912 0
vn 0.6343911958311452 0.7730121672082074 0
vn -0.9569403925262832 -0.29028449002942475 0
vn 0.9569397134842758 -0.2902867285230803 0
vn 0.7730075068205484 0.6343968745186881 0
vn -0.9951843268260531 -0.09802119995070353 0
vn 0.2902813078681319 0.9569413578179006 0
vn 0.09801469793111812 -0.995184967224421 0
vn 0.47139767703388574 0.8819207617961243 0
vn -0.0980155271335514 -0.9951848855568157 0
vn 0.6343902101493184 0.7730129761308692 0
vn -0.2902867310140923 -0.9569397127286295 0
vn 0.7730095549367689 0.6343943788972746 0
vn -0.4713976770338917 -0.8819207617961214 0
vn 0.8819242958900773 0.47139106516648344 0
vn -0.9951849672244214 0.09801469793111439 0
vn -0.634394378897274 -0.7730095549367691 0
vn 0.9569397127286282 0.29028673101409685 0
vn -0.9569397127286271 0.2902867310141003 0
vn -0.7730095549367659 -0.6343943788972782 0
vn 0.9951849672244214 0.09801469793111439 0
vn -0.8819207617961243 0.47139767703388574 0
vn -0.8819242958900788 -0.4713910651664805 0
vn 0.9951849672244214 -0.09801469793111439 0
vn -0.7730095549367689 0.6343943788972746 0
vn -0.9569397127286278 -0.2902867310140982 0
vn 0.956938996384706 -0.2902890924548002 0
vn -0.634394378897274 0.7730095549367691 0
vn -0.995184885556816 -0.09801552713354764 0
vn 0.8819207617961243 -0.47139767703388574 0
vn -0.47140121116117356 0.8819188727517849 0
vn 0.7730129761308673 -0.6343902101493206 0
vn -0.2902789464790981 0.9569420741251713 0
vn 0.634394378897274 -0.7730095549367691 0
vn -0.09801469793111812 0.995184967224421 0
vn 0.4713976769928014 -0.8819207617192611 -0.000013202604258185504
vn 0.09801469793111812 0.995184967224421 0
vn 0.29027894644931174 -0.9569420740269768 -0.000014325694595889162
vn -0.23023763133922895 0.28054477941636796 0.931818254735076
vn -0.36116896403902865 -0.03557308927069873 0.9318216217360026
vn 0.32007224055266476 -0.17108377078073278 0.9318176346276362
vn -0.17107872260276194 0.3200722522859168 0.9318185574398204
vn 0.2805444827315302 -0.23023738785576633 0.931818404219541
vn -0.10535006004131796 0.3472846531385517 0.9318233386987721
vn 0.23023387487747138 -0.28053948247408667 0.9318207776348822
vn -0.035573583169792186 0.36117727238279307 0.9318183825695798
vn 0.17107817850091248 -0.32006794049347675 0.9318201383899546
vn 0.035574010281417365 0.36118160883130473 0.9318166854239776
vn 0.10534782393922038 -0.3472881397105947 0.9318222920748491
vn 0.10535047799545452 0.34729688903466 0.9318187311129653
vn 0.035572532109548215 -0.361169894760008 0.9318212822630528
vn 0.17108048787702024 0.32006939253896605 0.9318192156354675
vn -0.035573197769708666 -0.36117335942998946 0.9318199139525261
vn 0.23023738785576964 0.2805444827315342 0.931818404219539
vn -0.10534886612234258 -0.3472915753566689 0.9318208937843259
vn 0.2805394824740903 0.23023387487747168 0.9318207776348811
vn -0.1710819198333632 -0.32006877770595965 0.9318191639175188
vn 0.32006794049347354 0.17107817850091156 0.9318201383899559
vn -0.3611733635980945 0.0355728737641407 0.931819924706163
vn -0.23023230707729983 -0.28054158558340875 0.9318205318279968
vn 0.34729494990721327 0.10535218441736185 0.9318192609124564
vn -0.3472915753566677 0.10534886612234325 0.9318208937843264
vn -0.28054624317565774 -0.23023612942758356 0.9318181851338972
vn 0.3611772723827924 0.03557358316979374 0.93181838256958
vn -0.32006877770596376 0.17108191983336624 0.9318191639175168
vn -0.3200687895378291 -0.17107687176278583 0.9318200866646137
vn 0.36118160883131206 -0.035574010281419426 0.9318166854239747
vn -0.2805415855834078 0.23023230707729636 0.9318205318279981
vn -0.3472934532914217 -0.10534943578285716 0.9318201294676741
vn 0.34729643128713117 -0.10535263379507567 0.931818657984301
vn 0 0 1
vn 0 0 1
vn 0 0 1
vn 0 0 1
vn 0 0 1
vn 0 0 1
vn 0 0 1
vn 0 0 1
vn 0 0 1
vn 0 0 1
vn 0 0 1
vn 0 0 1
vn 0 0 1
vn 0 0 1
vn 0 0 1
vn 0 0 1
vn 0 0 1
vn 0 0 1
vn 0 0 1
vn 0 0 1
vn 0 0 1
vn 0 0 1
vn 0 0 1
vn 0 0 1
vn 0 0 1
vn 0 0 1
vn 0 0 1
vn 0 0 1
vn 0 0 1
vn 0 0 1
vn 0 0 1
vn 0 0 1
vn -0.08367298236509443 -0.06866842011834016 0.994124479177825
vn 0.04652330723545384 0.08703893792031399 0.9951179855522558
vn -0.09340318211758929 -0.04992506850674122 0.9943758510266154
vn 0.11098031814213086 -0.010931152901535315 0.99376248615115
vn 0.0637156206368205 0.07763795923567222 0.9949435496411769
vn -0.09918821549265784 -0.030088395030753456 0.994613687012126
vn 0.10872831675206139 -0.03298235107079866 0.9935241907744906
vn 0.07917710087884104 0.0649787574581375 0.9947405429435449
vn -0.10105351601022516 -0.00995339942466909 0.9948312001248575
vn 0.10181159507012946 -0.054418531065015145 0.9933141610719148
vn 0.09225434730054664 0.049310552601695534 0.9945137529497848
vn -0.09917469308181937 0.009768263183591948 0.9950220908535162
vn 0.09035489424362972 -0.0741530476740017 0.993145164921463
vn 0.10230185708023179 0.03103316854259093 0.994269215297418
vn -0.09380740780059126 0.028456146011862485 0.995183610192554
vn 0.07477061924665279 -0.0911087650761454 0.9930299831444023
vn 0.10871522090484595 0.010707168853216298 0.9940152701436529
vn -0.0852870878389174 0.045586923342053526 0.9953129884956605
vn 0.055768764209188484 -0.10433596178641989 0.9929772666162517
vn -0.07398848146485955 0.06072058130996519 0.9954088183334042
vn 0.03430627703358934 -0.11309271882666051 0.9929920021352078
vn -0.06031139543394891 0.07348988542130785 0.9954706285579564
vn 0.011517903712997449 -0.11693740174646595 0.9930724958263841
vn -0.0446810511717665 0.08359232114500424 0.9954978289839596
vn -0.011402069939681491 -0.11576231777464262 0.9932114974085497
vn -0.02753727591467105 0.09078081698459303 0.9954901012580734
vn -0.033297608497969734 -0.1097666576004879 0.9933994917189829
vn -0.009341831593253636 0.09484447355080702 0.9954482688815898
vn -0.05314842143268415 -0.0994336479612261 0.993623769317309
vn 0.009419908527976474 0.0956379368125627 0.9953716142052479
vn -0.07013423696521288 -0.08546017668515368 0.9938700855777127
vn 0.02822654980342422 0.09304974643162472 0.9952612755328147
vn 0.995184326826053 -0.09802119995070352 0
vn -0.7730075068205484 0.6343968745186882 0
vn -0.9569397134842758 -0.29028672852308035 0
vn 0.9569403925262833 -0.2902844900294248 0
vn -0.6343911958311452 0.7730121672082074 0
vn -0.9951850354615783 -0.09801400508772913 0
vn 0.8819211562754549 -0.4713969390161171 0
vn -0.47140320663798607 0.8819178061312881 0
vn 0.773011458558765 -0.6343920593267628 0
vn -0.2902771107279929 0.9569426309802529 0
vn 0.6343920593267625 -0.7730114585587653 0
vn -0.9951838412741456 0.09802612951063897 0
vn 0.4713969390161156 -0.8819211562754556 0
vn 0 0 1
vn 0.29027711072799395 -0.9569426309802527 0
vn 0 0 -1
vn 0.09802198603770228 -0.9951842493996901 0
vn 0.47140320663798607 0.8819178061312881 0
vn -0.09802119995070671 -0.9951843268260527 0
vn 0.6343872440609887 0.7730154103073907 0
vn -0.29028672852307935 -0.9569397134842761 0
vn 0.773011458558765 0.6343920593267628 0
vn -0.4713969390161156 -0.8819211562754556 0
vn 0.8819211562754549 0.4713969390161171 0
vn -0.9951842493996901 0.09802198603770192 0
vn -0.6343920593267642 -0.7730114585587637 0
vn 0.9569403925262827 0.29028449002942674 0
vn -0.9569403925262835 0.29028449002942347 0
vn -0.7730114585587633 -0.634392059326765 0
vn 0.9951842493996905 0.09802198603769839 0
vn -0.8819245064005314 0.4713906713228203 0
vn -0.8819229469416174 -0.4713935889018997 0
vn 0.7730114585587651 -0.6343920593267628 0
vn -0.2902771107279929 0.956942630980253 0
vn 0.6343920593267625 -0.7730114585587654 0
vn -0.09802198603770228 0.9951842493996901 0
vn 0.4713969390161156 -0.8819211562754556 0
vn 0.09802119995070672 0.9951843268260527 0
vn 0.29027711072799395 -0.9569426309802527 0
vn 0.29027934917521525 0.9569419519711807 0
vn 0.09802198603770228 -0.9951842493996901 0
vn 0.47140320663798607 0.881917806131288 0
vn -0.09802119995070672 -0.9951843268260527 0
vn 0.6343872440609887 0.7730154103073908 0
vn -0.29028672852307935 -0.9569397134842761 0
vn 0.7730114585587651 0.6343920593267628 0
vn -0.4713969390161156 -0.8819211562754556 0
vn 0.8819211562754549 0.47139693901611707 0
vn -0.9951842493996901 0.09802198603770192 0
vn -0.6343920593267642 -0.773011458558764 0
vn 0.9569403925262827 0.29028449002942674 0
vn -0.9569403925262835 0.2902844900294234 0
vn -0.7730114585587632 -0.6343920593267649 0
vn 0.9951842493996906 0.0980219860376984 0
vn -0.8819245064005314 0.47139067132282025 0
vn -0.8819229469416175 -0.4713935889018998 0
vn 0.995184326826053 -0.09802119995070353 0
vn -0.7730075068205483 0.6343968745186881 0
vn -0.9569397134842758 -0.29028672852308035 0
vn 0.9569403925262832 -0.29028449002942475 0
vn -0.6343911958311453 0.7730121672082074 0
vn -0.9951850354615782 -0.0980140050877291 0
vn 0.8819211562754549 -0.47139693901611707 0
vn -0.47140320663798607 0.881917806131288 0
vn 0 0 -1
vn 0 0 -1
vn 0 0 -1
vn 0 0 -1
vn 0 0 -1
vn 0 0 -1
vn 0 0 -1
vn 0 0 -1
vn 0 0 -1
vn 0 0 -1
vn 0 0 -1
vn 0 0 -1
vn 0 0 -1
vn 0 0 -1
vn 0 0 -1
vn 0 0 -1
vn 0 0 -1
vn 0 0 -1
vn 0 0 -1
vn 0 0 -1
vn 0 0 -1
vn 0 0 -1
vn 0 0 -1
vn 0 0 -1
vn 0 0 -1
vn 0 0 -1
vn 0 0 -1
vn 0 0 -1
vn 0 0 -1
vn 0 0 -1
vn 0 0 -1
vn 0 0 -1
vn -0.23775913382714567 -0.7837727462663314 -0.5737341514080353
vn 0.6331264076614829 0.5195909766134489 -0.5737387636752012
vn -0.38609566830544806 -0.7223276819956992 -0.573735875415238
vn 0.7223247303497132 0.3860994000012846 -0.573737080241344
vn -0.8150981404209108 0.08028008446320571 -0.5737335004346128
vn -0.5195929555990019 -0.6331288190736712 -0.5737343104175242
vn 0.7837738888177024 0.23774653421604922 -0.5737378117884796
vn -0.7837711273367709 0.2377556295330258 -0.5737378151896577
vn -0.6331280686295832 -0.5195923397283404 -0.573735696300137
vn 0.8150967024691746 0.0802898760152379 -0.5737341731440925
vn -0.7223297208310485 0.3860921343662865 -0.5737356866925964
vn -0.7223306827833235 -0.38608733923411587 -0.5737377024328265
vn 0.8150942264338326 -0.08028865367923946 -0.5737378618538324
vn -0.6331207314580942 0.5195962513150947 -0.5737402504768763
vn -0.7837714245048508 -0.23775571967845407 -0.5737373718782991
vn 0.7837694287040702 -0.2377581274375596 -0.5737391005206818
vn -0.5195898579391132 0.6331250445464649 -0.5737412809750131
vn -0.8150973524967569 -0.08028000685952291 -0.5737346306886247
vn 0.7223287444035683 -0.3860863031658718 -0.5737408400280349
vn -0.3860994000012843 0.7223247303497127 -0.5737370802413447
vn 0.6331207314580942 -0.5195962513150947 -0.5737402504768763
vn -0.23775571967845435 0.7837714245048517 -0.5737373718782974
vn 0.5195898579391138 -0.6331250445464655 -0.5737412809750121
vn -0.08028000685952316 0.8150973524967594 -0.5737346306886213
vn 0.38609940000127635 -0.7223247303497142 -0.5737370802413483
vn 0.08027884749737889 0.8150955143265891 -0.5737374043664625
vn 0.2377554854490796 -0.7837706523581675 -0.5737385237553128
vn 0.2377581274375596 0.7837694287040702 -0.5737391005206818
vn 0.08026986657270298 -0.8150952495015844 -0.5737390371591865
vn 0.38609451270559114 0.7223255200398873 -0.5737393749410431
vn -0.0802693123809147 -0.8150995550878535 -0.5737329978182173
vn 0.5195915924841678 0.6331271581056466 -0.5737373778034983
vn -0.9083371800342848 0.2755464204986699 -0.3146390591101712
vn -0.7337536282221355 -0.6021692413677473 -0.3146391867225757
vn 0.9446391363443463 0.0930561356059642 -0.3146386144653768
vn -0.8371290079197953 0.4474564091156992 -0.3146391362187859
vn -0.8371252227691741 -0.44746477075610247 -0.31463731554894975
vn 0.944639137478519 -0.09305393799118736 -0.3146392610088135
vn -0.7337540010336011 0.6021695473227554 -0.31463773175556997
vn -0.908341631108992 -0.27553222832921387 -0.31463863771983563
vn 0.9083420609499632 -0.27553235871523357 -0.31463728261284224
vn -0.6021694688164637 0.7337539053723393 -0.31463810509240286
vn -0.9446412903840852 -0.09303184027447603 -0.31463933192885285
vn 0.8371344166726434 -0.4474473752308271 -0.3146375928289505
vn -0.4474564586857638 0.8371291006585059 -0.3146388189830947
vn 0.7337429304568494 -0.6021827717136805 -0.3146382390235246
vn -0.2755464640608891 0.9083373236368982 -0.31463860639104346
vn 0.6021806838035447 -0.7337452606028418 -0.31463680108462017
vn -0.09303401846177733 0.9446410972877491 -0.31463926761269156
vn 0.4474471353048112 -0.8371339677922855 -0.31463912832936486
vn 0.09303186379468556 0.9446415292072823 -0.314638607954927
vn 0.27554646406088973 -0.9083373236368985 -0.3146386063910422
vn 0.27555259968914897 0.9083352395550306 -0.3146392495971491
vn 0.09303406370184408 -0.94464155664258 -0.3146378751120161
vn 0.44744737523083883 0.8371344166726368 -0.3146375928289514
vn -0.09303186379468562 -0.9446415292072828 -0.31463860795492576
vn 0.6021802138829182 0.7337446880138465 -0.3146390357526957
vn -0.2755525996891491 -0.908335239555031 -0.314639249597148
vn 0.7337430947580956 0.6021829065557021 -0.31463759779616157
vn -0.4474735679560843 -0.8371193706360794 -0.3146403745333809
vn 0.8371291006585101 0.4474564586857559 -0.31463881898309504
vn -0.9446412936753964 0.09303403780323052 -0.31463867227869624
vn -0.6021561357019715 -0.733764844279451 -0.3146381120208135
vn 0.908343321647003 0.27552597377724836 -0.3146392343516432
vn 0 0 -1
vn 0 0 -1
vn 0 0 -1
vn 0 0 -1
vn 0 0 -1
vn 0 0 -1
vn 0 0 -1
vn 0 0 -1
vn 0 0 -1
vn 0 0 -1
vn 0 0 -1
vn 0 0 -1
vn 0 0 -1
vn 0 0 -1
vn 0 0 -1
vn 0 0 -1
vn 0 0 -1
vn 0 0 -1
vn 0 0 -1
vn 0 0 -1
vn 0 0 -1
vn 0 0 -1
vn 0 0 -1
vn 0 0 -1
vn 0 0 -1
vn 0 0 -1
vn 0 0 -1
vn 0 0 -1
vn 0 0 -1
vn 0 0 -1
vn 0 0 -1
vn 0 0 -1
vn 0.09801298498346771 -0.9951851359293057 0
vn -0.4713822155882817 0.8819290259579184 0
vn -0.09801298498346771 -0.9951851359293057 0
vn -0.2902836697936967 0.956940641341512 0
vn -0.2902836697936967 -0.956940641341512 0
vn -0.09801298498346771 0.9951851359293057 0
vn -0.4714061129002179 -0.8819162526681924 0
vn 0.09801298498346771 0.9951851359293057 0
vn -0.6344032404339555 -0.7730022823555549 0
vn 0.2902836697936967 0.956940641341512 0
vn -0.7730173496664953 -0.6343848809000632 0
vn 0.4713822155882817 0.8819290259579184 0
vn -0.8819162526681956 -0.47140611290021234 0
vn 0.9951851359293059 -0.0980129849834664 0
vn 0.6344032404339487 0.7730022823555603 0
vn -0.9569380522518871 -0.29029220477368095 0
vn 0.956938052251891 -0.2902922047736685 0
vn 0.773017349666502 0.634384880900055 0
vn -0.9951851359293059 -0.0980129849834664 0
vn 0.8819162526681898 -0.4714061129002229 0
vn 0.8819162526681898 0.4714061129002229 0
vn -0.995185431077578 0.09800998811822845 0
vn 0.773017349666502 -0.634384880900055 0
vn 0.9569380522518931 0.2902922047736609 0
vn -0.9569380522518893 0.29029220477367335 0
vn 0.6344032404339487 -0.7730022823555603 0
vn 0.995185431077578 0.09800998811822845 0
vn -0.8819162526681956 0.47140611290021234 0
vn 0.4714061129002179 -0.8819162526681924 0
vn -0.7730173496664953 0.6343848809000632 0
vn 0.2902836697936967 -0.956940641341512 0
vn -0.6344032404339555 0.7730022823555549 0
vn -0.4714061129002179 -0.8819162526681925 0
vn 0.09801298498346771 0.9951851359293057 0
vn -0.6344032404339554 -0.7730022823555549 0
vn 0.29028366979369663 0.956940641341512 0
vn 0.7730173496664955 0.6343848809000632 0
vn -0.4713822155882818 -0.8819290259579186 0
vn -0.8819162526681956 -0.4714061129002123 0
vn -0.9951851359293059 0.09801298498346639 0
vn -0.6344032404339487 -0.7730022823555603 0
vn -0.9569380522518872 -0.29029220477368095 0
vn -0.9569380522518909 0.29029220477366846 0
vn 0.773017349666502 0.634384880900055 0
vn 0.9951851359293059 0.09801298498346639 0
vn 0.8819162526681898 -0.4714061129002229 0
vn 0.8819162526681898 0.4714061129002229 0
vn 0.995185431077578 -0.09800998811822843 0
vn 0.773017349666502 -0.634384880900055 0
vn -0.9569380522518931 -0.2902922047736609 0
vn -0.9569380522518893 0.2902922047736734 0
vn -0.6344032404339487 0.7730022823555603 0
vn 0.995185431077578 0.09800998811822843 0
vn 0.8819162526681956 -0.4714061129002123 0
vn -0.4714061129002179 0.8819162526681925 0
vn -0.7730173496664955 0.6343848809000632 0
vn -0.29028366979369663 0.956940641341512 0
vn -0.6344032404339554 0.7730022823555549 0
vn -0.09801298498346771 0.9951851359293057 0
vn 0.4713822155882818 -0.8819290259579186 0
vn -0.09801298498346771 -0.9951851359293057 0
vn -0.29028366979369663 0.956940641341512 0
vn 0.29028366979369663 0.956940641341512 0
vn -0.09801298498346771 0.9951851359293057 0
vn 0 0 1
vn 0 0 1
vn 0 0 1
vn 0 0 1
vn 0 0 1
vn 0 0 1
vn 0 0 1
vn 0 0 1
vn 0 0 1
vn 0 0 1
vn 0 0 1
vn 0 0 1
vn 0 0 1
vn 0 0 1
vn 0 0 1
vn 0 0 1
vn 0 0 1
vn 0 0 1
vn 0 0 1
vn 0 0 1
vn 0 0 1
vn 0 0 1
vn 0 0 1
vn 0 0 1
vn 0 0 1
vn 0 0 1
vn 0 0 1
vn 0 0 1
vn 0 0 1
vn 0 0 1
vn 0 0 1
vn 0 0 1
vn -0.9944917815114269 0.09794903635645727 0.03731062560544613
vn 0.7724712531290029 -0.633953017956078 0.03730595279159523
vn 0.9562749897524601 0.2900789162421145 0.037314425169534364
vn -0.95627179438203 0.290089833929162 0.03731143953700652
vn 0.6339516949271148 -0.7724722383443694 0.03730803514363065
vn 0.9944916435662576 0.09795019355477688 0.0373112645117455
vn -0.8813080114736564 0.47106668626926596 0.037314420800039355
vn 0.47106683966073576 -0.8813082984502988 0.037305705390539366
vn -0.7724720815398662 0.6339515662409619 0.037313468106001
vn 0.29007891624211646 -0.9562749897524594 0.03731442516953726
vn -0.6339458662649279 0.7724770231052553 0.037308007452198325
vn 0.09794903403393763 -0.9944917579305191 0.037311260231789475
vn -0.47107163035198646 0.8813053742031266 0.037314293215983396
vn -0.09794903635645777 -0.9944917815114267 0.037310625605450426
vn -0.29008980111449534 0.9562716862095609 0.03731446694347741
vn -0.29007894815012225 -0.956275094940478 0.03731148129863672
vn -0.09794903403393762 0.9944917579305191 0.03731126023178904
vn -0.47107162846847145 -0.8813053706793681 0.03731440021981389
vn 0.09795968502795467 0.9944910967714883 0.037300918909145366
vn -0.6339457681663815 -0.7724769035700124 0.03731214915844987
vn 0.2900789787118593 0.9562751956904231 0.03730866141699619
vn -0.7724711928603234 -0.633952968494681 0.037308041193977556
vn 0.47107170907003043 0.8813055214729539 0.0373098208937751
vn -0.881313241491475 -0.47105759476975173 0.037305666882196206
vn 0.9944918955536244 -0.09794787683159999 0.03731062988399907
vn 0.6339457362673742 0.7724768647003628 0.0373134958307862
vn -0.9562716862095596 -0.2900898011144986 0.03731446694348155
vn 0.9562741944897571 -0.2900822808857299 0.037308648717135004
vn 0.7724770231052553 0.6339458662649279 0.03730800745219773
vn -0.9944917579305191 -0.09794903403393816 0.03731126023178947
vn 0.881308293572979 -0.47106683705377184 0.03730585353049841
vn 0.8813082984502965 0.4710668396607399 0.03730570539054345
vn -0.9951847125018617 0.09801728420328357 0
vn 0.5266498819811264 0.7851486686030121 0.32585498308324695
vn -0.09761624686318383 -0.9917512596589142 -0.08306929224029255
vn -0.8495381175937533 0.5275140219035304 -0.0037340929854355583
vn 0.9951835969845201 -0.09802860956349671 0
vn 0 0 1
vn 0 0 1
vn 0 0 -1
vn 0 0 1
vn -1 0 0
vn 0.0749235863695765 0.765235489831253 0.6393755557637802
vn -0.99787224331271 -0.046880658051645235 -0.0453121388449577
vn -0.6067017070859687 0.6645401462158311 0.43623323198309116
vn 0.9201209754721636 0.39162444362309884 -0.002772301039331953
vn 0.8675743191822477 -0.49377131304802585 -0.05920043163937375
vn -0.8426757913928339 0.5382434064792152 -0.013840013804601876
vn 0.07514922809979442 0.7675174235446661 0.6366078840788598
vn -0.9431369462326848 0.3300430970050878 -0.03955066080580567
vn 0.09756603610602763 0.9897908986557875 -0.10389824607146309
vn 0.43357317785185867 0.9010957848785739 -0.006378551677880192
vn -0.01584469289781787 -0.1678166870540195 -0.9856908771279093
vn 0.32194182354917805 0.6807526935424345 0.6579735803849197
vn -0.4363782875227843 0.6987361344799996 0.5668701831553942
vn 1 0 0
vn 0.9981540513058329 0.0309102783931107 -0.05227852858883338
vn 0.2902919683450532 0.9569381239737262 0
vn 0.7730093521596844 -0.6343946259810728 0
vn 0.9569414283251731 0.2902810754337552 0
vn -0.9569381239737242 0.29029196834505955 0
vn 0.6343933513828515 -0.7730103981973554 0
vn 0.9951845982170548 0.09801844454774335 0
vn -0.8819222045895317 0.471394977754261 0
vn 0.471394977754257 -0.8819222045895341 0
vn -0.7730103981973554 0.6343933513828515 0
vn 0.2902810754337571 -0.9569414283251727 0
vn -0.6343946259810759 0.7730093521596817 0
vn 0.0980172842032841 -0.9951847125018616 0
vn -0.47139067098028753 0.8819245065730813 -0.000004310607870691977
vn -0.0980172842032841 -0.9951847125018616 0
vn -0.2902919683450532 0.9569381239737262 0
vn -0.2902810754337586 -0.9569414283251723 0
vn -0.0980172842032841 0.9951847125018616 0
vn -0.47139992303522754 -0.8819195612766404 0
vn 0.09801612388616829 0.9951848267826091 0
vn -0.6343875180036911 -0.7730151854919259 0
vn 0.290291968341878 0.956938123963259 -0.00000467725409394712
vn -0.7730093521596817 -0.6343946259810759 0
vn 0.4713999230352336 0.8819195612766372 0
vn -0.8819271498052337 -0.4713857257452933 0
vn 0.9951848267826084 -0.09801612388617405 0
vn 0.6343875180036936 0.7730151854919237 0
vn -0.9569381239737252 -0.2902919683450566 0
vn 0.9569404259729328 -0.29028437977049654 0
vn 0.7730151854919259 0.6343875180036911 0
vn -0.9951847125018616 -0.09801728420328461 0
vn 0.8819222045895317 -0.471394977754261 0
vn 0.8819222045895317 0.471394977754261 0
vn 0 0 1
vn -0.7730093521596817 -0.634394625981076 0
vn 0.4713999230352335 0.8819195612766371 0
vn -0.8819271498052337 -0.47138572574529336 0
vn 0.9951848267826084 -0.09801612388617403 0
vn 0.6343875180036936 0.7730151854919237 0
vn -0.9569381239737252 -0.2902919683450566 0
vn 0.9569404259729328 -0.2902843797704966 0
vn 0.7730151854919258 0.6343875180036911 0
vn -0.9951847125018615 -0.09801728420328461 0
vn 0.8819222045895317 -0.47139497775426104 0
vn 0.8819222045895317 0.47139497775426104 0
vn -0.9951847125018616 0.09801728420328357 0
vn 0.7730093521596842 -0.6343946259810728 0
vn 0.9569414283251733 0.2902810754337552 0
vn -0.9569381239737244 0.29029196834505955 0
vn 0.6343933513828515 -0.7730103981973555 0
vn 0.995184598217055 0.09801844454774336 0
vn -0.8819222045895317 0.47139497775426104 0
vn 0.471394977754257 -0.881922204589534 0
vn -0.7730103981973555 0.6343933513828515 0
vn 0.2902810754337571 -0.9569414283251726 0
vn -0.634394625981076 0.7730093521596817 0
vn 0.0980172842032841 -0.9951847125018616 0
vn -0.471390670984667 0.881924506581275 0
vn -0.0980172842032841 -0.9951847125018616 0
vn -0.2902919683450532 0.9569381239737262 0
vn -0.29028107543375853 -0.9569414283251721 0
vn -0.0980172842032841 0.9951847125018616 0
vn -0.4713999230352276 -0.8819195612766404 0
vn 0.09801612388616832 0.9951848267826091 0
vn -0.6343875180036911 -0.7730151854919258 0
vn 1 0 0
vn 0.9449430825287499 0.3272265428407506 -0.002315262739858263
vn 0.09800475777372962 0.9951782674666333 -0.003909400954495082
vn -0.9309332888868257 0.3651864607069244 -0.0014354646313723435
vn 0.9188188978791121 0.39466954008683053 -0.002790524657463506
vn -1 0 0
vn 0.9951835969845201 -0.09802860956349672 0
vn 0.8576636222040774 -0.5141982836453675 0.003638164913789109
vn -0.8819229469416175 -0.47139358890189975 0
vn -0.8819245064005313 0.47139067132282025 0
vn 0.9951842493996905 0.09802198603769838 0
vn -0.7730114585587633 -0.634392059326765 0
vn -0.9569403925262835 0.29028449002942347 0
vn 0.9569403925262826 0.29028449002942674 0
vn -0.6343920593267641 -0.7730114585587639 0
vn -0.9951842493996901 0.09802198603770193 0
vn 0.881921156275455 0.47139693901611723 0
vn -0.4713969390161156 -0.8819211562754556 0
vn 0.773011458558765 0.6343920593267628 0
vn -0.29028672852307935 -0.956939713484276 0
vn 0.6343872440609887 0.7730154103073906 0
vn -0.09802119995070674 -0.9951843268260527 0
vn 0.471403206637986 0.8819178061312881 0
vn 0.09802198603770228 -0.9951842493996901 0
vn 0.2902771107279939 -0.9569426309802527 0
vn 0.4713969390161156 -0.8819211562754556 0
vn -0.9951838412741456 0.09802612951063897 0
vn 0.6343920593267625 -0.7730114585587654 0
vn -0.2902771107279929 0.9569426309802529 0
vn 0.773011458558765 -0.6343920593267628 0
vn -0.4714032066370303 0.8819178061295001 0.0000020136718830335146
vn 0.881921156275455 -0.47139693901611723 0
vn -0.9951850354615782 -0.09801400508772909 0
vn -0.6343911958311453 0.7730121672082075 0
vn 0.9569403925262832 -0.29028449002942475 0
vn -0.9569397134842756 -0.29028672852308035 0
vn -0.7730075068205484 0.6343968745186882 0
vn 0.995184326826053 -0.09802119995070352 0
vn -0.9951838412741455 0.09802612951063894 0
vn 0.9168047822682638 0.39932568290435794 -0.00282669117696005
vn 1 0 0
vn 0.9451623566149601 0.3265926934251793 -0.0023091642085552176
vn 0.09802004636469426 0.9951767481709555 -0.003912851970874996
vn -0.9311306764366216 0.3646828948240238 -0.0014316499046289131
vn -1 0 0
vn 0.9951835969845202 -0.09802860956349674 0
vn -0.8519212180591934 0.5236568814229459 -0.003702534123458429
vn -0.8819229469416175 -0.47139358890189975 0
vn -0.8819245064005315 0.4713906713228203 0
vn 0.9951842493996906 0.0980219860376984 0
vn -0.7730114585587633 -0.6343920593267649 0
vn -0.9569403925262836 0.29028449002942347 0
vn 0.9569403925262827 0.29028449002942674 0
vn -0.6343920593267642 -0.773011458558764 0
vn -0.9951842493996901 0.09802198603770192 0
vn 0.8819211562754549 0.47139693901611707 0
vn -0.4713969390161156 -0.8819211562754556 0
vn 0.773011458558765 0.6343920593267628 0
vn -0.29028672852307935 -0.956939713484276 0
vn 0.6343872440609887 0.7730154103073906 0
vn -0.0980211999507067 -0.9951843268260526 0
vn 0.471403206637986 0.8819178061312881 0
vn 0.09802198603770226 -0.9951842493996901 0
vn 0.29027711072799395 -0.9569426309802528 0
vn 0.4713969390161156 -0.8819211562754556 0
vn 0.6343920593267625 -0.7730114585587653 0
vn -0.2902771107279929 0.9569426309802529 0
vn 0.773011458558765 -0.6343920593267628 0
vn -0.471403206637986 0.8819178061312881 0
vn 0.8819211562754549 -0.47139693901611707 0
vn -0.9951850354615782 -0.09801400508772912 0
vn -0.6343911958311452 0.7730121672082074 0
vn 0.9569403925262832 -0.29028449002942475 0
vn -0.9569397134842758 -0.2902867285230803 0
vn -0.7730075068205484 0.6343968745186881 0
vn 0.9951843268260531 -0.09802119995070353 0
usemtl none
f 1/1/1 2/2/1 3/3/1 4/4/1
f 5/5/2 6/6/2 7/7/2 8/8/2
f 2/9/3 9/10/3 10/11/3 3/12/3
f 6/13/4 11/14/4 12/15/4 7/16/4
f 9/17/5 13/18/5 14/19/5 10/20/5
f 11/21/6 15/22/6 16/23/6 12/24/6
f 13/25/7 17/26/7 18/27/7 14/28/7
f 15/29/8 19/30/8 20/31/8 16/32/8
f 17/33/9 21/34/9 22/35/9 18/36/9
f 23/37/10 24/38/10 25/39/10 26/40/10
f 19/41/11 27/42/11 28/43/11 20/44/11
f 21/45/12 29/46/12 30/47/12 22/48/12
f 24/49/13 31/50/13 32/51/13 25/52/13
f 27/53/14 33/54/14 34/55/14 28/56/14
f 29/57/15 35/58/15 36/59/15 30/60/15
f 31/61/16 37/62/16 38/63/16 32/64/16
f 33/65/17 39/66/17 40/67/17 34/68/17
f 35/69/18 41/70/18 42/71/18 36/72/18
f 37/73/19 43/74/19 44/75/19 38/76/19
f 39/77/20 45/78/20 46/79/20 40/80/20
f 41/81/21 47/82/21 48/83/21 42/84/21
f 43/85/22 49/86/22 50/87/22 44/88/22
f 45/89/23 23/90/23 26/91/23 46/92/23
f 47/93/24 51/94/24 52/95/24 48/96/24
f 49/97/25 53/98/25 54/99/25 50/100/25
f 51/101/26 55/102/26 56/103/26 52/104/26
f 53/105/27 57/106/27 58/107/27 54/108/27
f 55/109/28 59/110/28 60/111/28 56/112/28
f 57/113/29 61/114/29 62/115/29 58/116/29
f 59/117/30 63/118/30 64/119/30 60/120/30
f 61/121/31 1/122/31 4/123/31 62/124/31
f 63/125/32 5/126/32 8/127/32 64/128/32
f 44/129/33 50/130/33 65/131/33 66/132/33
f 46/133/34 26/134/34 67/135/34 68/136/34
f 48/137/35 52/138/35 69/139/35 70/140/35
f 50/141/36 54/142/36 71/143/36 65/144/36
f 52/145/37 56/146/37 72/147/37 69/148/37
f 54/149/38 58/150/38 73/151/38 71/152/38
f 56/153/39 60/154/39 74/155/39 72/156/39
f 58/157/40 62/158/40 75/159/40 73/160/40
f 60/161/41 64/162/41 76/163/41 74/164/41
f 62/165/42 4/166/42 77/167/42 75/168/42
f 64/169/43 8/170/43 78/171/43 76/172/43
f 4/173/44 3/174/44 79/175/44 77/176/44
f 8/177/45 7/178/45 80/179/45 78/180/45
f 3/181/46 10/182/46 81/183/46 79/184/46
f 7/185/47 12/186/47 82/187/47 80/188/47
f 10/189/48 14/190/48 83/191/48 81/192/48
f 12/193/49 16/194/49 84/195/49 82/196/49
f 14/197/50 18/198/50 85/199/50 83/200/50
f 16/201/51 20/202/51 86/203/51 84/204/51
f 18/205/52 22/206/52 87/207/52 85/208/52
f 26/209/53 25/210/53 88/211/53 67/212/53
f 20/213/54 28/214/54 89/215/54 86/216/54
f 22/217/55 30/218/55 90/219/55 87/220/55
f 25/221/56 32/222/56 91/223/56 88/224/56
f 28/225/57 34/226/57 92/227/57 89/228/57
f 30/229/58 36/230/58 93/231/58 90/232/58
f 32/233/59 38/234/59 94/235/59 91/236/59
f 34/237/60 40/238/60 95/239/60 92/240/60
f 36/241/61 42/242/61 96/243/61 93/244/61
f 38/245/62 44/246/62 66/247/62 94/248/62
f 40/249/63 46/250/63 68/251/63 95/252/63
f 42/253/64 48/254/64 70/255/64 96/256/64
f 79/257/65 81/258/65 97/259/65 98/260/65
f 80/261/66 82/262/66 99/263/66 100/264/66
f 81/265/67 83/266/67 101/267/67 97/268/67
f 82/269/68 84/270/68 102/271/68 99/272/68
f 83/273/69 85/274/69 103/275/69 101/276/69
f 84/277/70 86/278/70 104/279/70 102/280/70
f 85/281/71 87/282/71 105/283/71 103/284/71
f 67/285/72 88/286/72 106/287/72 107/288/72
f 86/289/73 89/290/73 108/291/73 104/292/73
f 87/293/74 90/294/74 109/295/74 105/296/74
f 88/297/75 91/298/75 110/299/75 106/300/75
f 89/301/76 92/302/76 111/303/76 108/304/76
f 90/305/77 93/306/77 112/307/77 109/308/77
f 91/309/78 94/310/78 113/311/78 110/312/78
f 92/313/79 95/314/79 114/315/79 111/316/79
f 93/317/80 96/318/80 115/319/80 112/320/80
f 94/321/81 66/322/81 116/323/81 113/324/81
f 95/325/82 68/326/82 117/327/82 114/328/82
f 96/329/83 70/330/83 118/331/83 115/332/83
f 66/333/84 65/334/84 119/335/84 116/336/84
f 68/337/85 67/338/85 107/339/85 117/340/85
f 70/341/86 69/342/86 120/343/86 118/344/86
f 65/345/87 71/346/87 121/347/87 119/348/87
f 69/349/88 72/350/88 122/351/88 120/352/88
f 71/353/89 73/354/89 123/355/89 121/356/89
f 72/357/90 74/358/90 124/359/90 122/360/90
f 73/361/91 75/362/91 125/363/91 123/364/91
f 74/365/92 76/366/92 126/367/92 124/368/92
f 75/369/93 77/370/93 127/371/93 125/372/93
f 76/373/94 78/374/94 128/375/94 126/376/94
f 77/377/95 79/378/95 98/379/95 127/380/95
f 78/381/96 80/382/96 100/383/96 128/384/96
f 17/385/97 13/386/97 129/387/97 130/388/97
f 19/389/98 15/390/98 131/391/98 132/392/98
f 21/393/99 17/394/99 130/395/99 133/396/99
f 24/397/100 23/398/100 134/399/100 135/400/100
f 27/401/101 19/402/101 132/403/101 136/404/101
f 29/405/102 21/406/102 133/407/102 137/408/102
f 31/409/103 24/410/103 135/411/103 138/412/103
f 33/413/104 27/414/104 136/415/104 139/416/104
f 35/417/105 29/418/105 137/419/105 140/420/105
f 37/421/106 31/422/106 138/423/106 141/424/106
f 39/425/107 33/426/107 139/427/107 142/428/107
f 41/429/108 35/430/108 140/431/108 143/432/108
f 43/433/109 37/434/109 141/435/109 144/436/109
f 45/437/110 39/438/110 142/439/110 145/440/110
f 47/441/111 41/442/111 143/443/111 146/444/111
f 49/445/112 43/446/112 144/447/112 147/448/112
f 23/449/113 45/450/113 145/451/113 134/452/113
f 51/453/114 47/454/114 146/455/114 148/456/114
f 53/457/115 49/458/115 147/459/115 149/460/115
f 55/461/116 51/462/116 148/463/116 150/464/116
f 57/465/117 53/466/117 149/467/117 151/468/117
f 59/469/118 55/470/118 150/471/118 152/472/118
f 61/473/119 57/474/119 151/475/119 153/476/119
f 63/477/120 59/478/120 152/479/120 154/480/120
f 1/481/121 61/482/121 153/483/121 155/484/121
f 5/485/122 63/486/122 154/487/122 156/488/122
f 2/489/123 1/490/123 155/491/123 157/492/123
f 6/493/124 5/494/124 156/495/124 158/496/124
f 9/497/125 2/498/125 157/499/125 159/500/125
f 11/501/126 6/502/126 158/503/126 160/504/126
f 13/505/127 9/506/127 159/507/127 129/508/127
f 15/509/128 11/510/128 160/511/128 131/512/128
f 161/513/129 162/514/129 163/515/129 164/516/129
f 165/517/130 166/518/130 167/519/130 168/520/130
f 169/521/131 170/522/131 171/523/131 172/524/131
f 173/525/132 161/526/132 164/527/132 174/528/132
f 175/529/133 165/530/133 168/531/133 176/532/133
f 177/533/134 169/534/134 172/535/134 178/536/134
f 179/537/135 173/538/135 174/539/135 180/540/135
f 181/541/136 175/542/136 176/543/136 182/544/136
f 183/545/137 179/546/137 180/547/137 184/548/137
f 185/549/138 181/550/138 182/551/138 186/552/138
f 187/553/139 183/554/139 184/555/139 188/556/139
f 189/557/140 157/558/140 190/559/140 191/560/140
f 192/561/141 187/562/141 188/563/141 193/564/141
f 194/565/142 195/566/142 196/567/142 197/568/142
f 198/569/143 192/570/143 193/571/143 199/572/143
f 155/573/144 153/574/144 200/575/144 201/576/144
f 202/577/145 198/578/145 199/579/145 203/580/145
f 204/581/146 205/582/146 206/583/146 207/584/146
f 208/585/147 202/586/147 203/587/147 209/588/147
f 210/589/148 204/590/148 207/591/148 211/592/148
f 212/593/149 208/594/149 209/595/149 213/596/149
f 214/597/150 210/598/150 211/599/150 215/600/150
f 216/601/151 212/602/151 213/603/151 217/604/151
f 218/605/152 214/606/152 215/607/152 219/608/152
f 220/609/153 177/610/153 178/611/153 221/612/153
f 222/613/154 216/614/154 217/615/154 223/616/154
f 224/617/155 218/618/155 219/619/155 225/620/155
f 226/621/156 220/622/156 221/623/156 227/624/156
f 228/625/157 222/626/157 223/627/157 229/628/157
f 162/629/158 224/630/158 225/631/158 163/632/158
f 166/633/159 226/634/159 227/635/159 167/636/159
f 170/637/160 228/638/160 229/639/160 171/640/160
f 184/641/161 180/642/161 230/643/161 231/644/161
f 186/645/162 182/646/162 232/647/162 233/648/162
f 188/649/163 184/650/163 231/651/163 234/652/163
f 194/653/164 186/654/164 233/655/164 235/656/164
f 193/657/165 188/658/165 234/659/165 236/660/165
f 195/661/166 194/662/166 235/663/166 237/664/166
f 199/665/167 193/666/167 236/667/167 238/668/167
f 206/669/168 195/670/168 237/671/168 239/672/168
f 203/673/169 199/674/169 238/675/169 240/676/169
f 207/677/170 206/678/170 239/679/170 241/680/170
f 209/681/171 203/682/171 240/683/171 242/684/171
f 211/685/172 207/686/172 241/687/172 243/688/172
f 213/689/173 209/690/173 242/691/173 244/692/173
f 215/693/174 211/694/174 243/695/174 245/696/174
f 217/697/175 213/698/175 244/699/175 246/700/175
f 219/701/176 215/702/176 245/703/176 247/704/176
f 221/705/177 178/706/177 248/707/177 249/708/177
f 223/709/178 217/710/178 246/711/178 250/712/178
f 225/713/179 219/714/179 247/715/179 251/716/179
f 227/717/180 221/718/180 249/719/180 252/720/180
f 229/721/181 223/722/181 250/723/181 253/724/181
f 163/725/182 225/726/182 251/727/182 254/728/182
f 167/729/183 227/730/183 252/731/183 255/732/183
f 171/733/184 229/734/184 253/735/184 256/736/184
f 164/737/185 163/738/185 254/739/185 257/740/185
f 168/741/186 167/742/186 255/743/186 258/744/186
f 172/745/187 171/746/187 256/747/187 259/748/187
f 174/749/188 164/750/188 257/751/188 260/752/188
f 176/753/189 168/754/189 258/755/189 261/756/189
f 178/757/190 172/758/190 259/759/190 248/760/190
f 180/761/191 174/762/191 260/763/191 230/764/191
f 182/765/192 176/766/192 261/767/192 232/768/192
f 238/769/193 236/770/193 262/771/193 263/772/193
f 239/773/194 237/774/194 264/775/194 265/776/194
f 240/777/195 238/778/195 263/779/195 266/780/195
f 241/781/196 239/782/196 265/783/196 267/784/196
f 242/785/197 240/786/197 266/787/197 268/788/197
f 243/789/198 241/790/198 267/791/198 269/792/198
f 244/793/199 242/794/199 268/795/199 270/796/199
f 245/797/200 243/798/200 269/799/200 271/800/200
f 246/801/201 244/802/201 270/803/201 272/804/201
f 247/805/202 245/806/202 271/807/202 273/808/202
f 249/809/203 248/810/203 274/811/203 275/812/203
f 250/813/204 246/814/204 272/815/204 276/816/204
f 251/817/205 247/818/205 273/819/205 277/820/205
f 252/821/206 249/822/206 275/823/206 278/824/206
f 253/825/207 250/826/207 276/827/207 279/828/207
f 254/829/208 251/830/208 277/831/208 280/832/208
f 255/833/209 252/834/209 278/835/209 281/836/209
f 256/837/210 253/838/210 279/839/210 282/840/210
f 257/841/211 254/842/211 280/843/211 283/844/211
f 258/845/212 255/846/212 281/847/212 284/848/212
f 259/849/213 256/850/213 282/851/213 285/852/213
f 260/853/214 257/854/214 283/855/214 286/856/214
f 261/857/215 258/858/215 284/859/215 287/860/215
f 248/861/216 259/862/216 285/863/216 274/864/216
f 230/865/217 260/866/217 286/867/217 288/868/217
f 232/869/218 261/870/218 287/871/218 289/872/218
f 231/873/219 230/874/219 288/875/219 290/876/219
f 233/877/220 232/878/220 289/879/220 291/880/220
f 234/881/221 231/882/221 290/883/221 292/884/221
f 235/885/222 233/886/222 291/887/222 293/888/222
f 236/889/223 234/890/223 292/891/223 262/892/223
f 237/893/224 235/894/224 293/895/224 264/896/224
f 270/897/225 268/898/225 294/899/225 295/900/225
f 271/901/226 269/902/226 296/903/226 297/904/226
f 272/905/227 270/906/227 295/907/227 298/908/227
f 273/909/228 271/910/228 297/911/228 299/912/228
f 275/913/229 274/914/229 300/915/229 301/916/229
f 276/917/230 272/918/230 298/919/230 302/920/230
f 277/921/231 273/922/231 299/923/231 303/924/231
f 278/925/232 275/926/232 301/927/232 304/928/232
f 279/929/233 276/930/233 302/931/233 305/932/233
f 280/933/234 277/934/234 303/935/234 306/936/234
f 281/937/235 278/938/235 304/939/235 307/940/235
f 282/941/236 279/942/236 305/943/236 308/944/236
f 283/945/237 280/946/237 306/947/237 309/948/237
f 284/949/238 281/950/238 307/951/238 310/952/238
f 285/953/239 282/954/239 308/955/239 311/956/239
f 286/957/240 283/958/240 309/959/240 312/960/240
f 287/961/241 284/962/241 310/963/241 313/964/241
f 274/965/242 285/966/242 311/967/242 300/968/242
f 288/969/243 286/970/243 312/971/243 314/972/243
f 289/973/244 287/974/244 313/975/244 315/976/244
f 290/977/245 288/978/245 314/979/245 316/980/245
f 291/981/246 289/982/246 315/983/246 317/984/246
f 292/985/247 290/986/247 316/987/247 318/988/247
f 293/989/248 291/990/248 317/991/248 319/992/248
f 262/993/249 292/994/249 318/995/249 320/996/249
f 264/997/250 293/998/250 319/999/250 321/1000/250
f 263/1001/251 262/1002/251 320/1003/251 322/1004/251
f 265/1005/252 264/1006/252 321/1007/252 323/1008/252
f 266/1009/253 263/1010/253 322/1011/253 324/1012/253
f 267/1013/254 265/1014/254 323/1015/254 325/1016/254
f 268/1017/255 266/1018/255 324/1019/255 294/1020/255
f 269/1021/256 267/1022/256 325/1023/256 296/1024/256
f 304/1025/257 301/1026/257 326/1027/257 327/1028/257
f 305/1029/258 302/1030/258 328/1031/258 329/1032/258
f 306/1033/259 303/1034/259 330/1035/259 331/1036/259
f 307/1037/260 304/1038/260 327/1039/260 332/1040/260
f 308/1041/261 305/1042/261 329/1043/261 333/1044/261
f 309/1045/262 306/1046/262 331/1047/262 334/1048/262
f 310/1049/263 307/1050/263 332/1051/263 335/1052/263
f 311/1053/264 308/1054/264 333/1055/264 336/1056/264
f 312/1057/265 309/1058/265 334/1059/265 337/1060/265
f 313/1061/266 310/1062/266 335/1063/266 338/1064/266
f 300/1065/267 311/1066/267 336/1067/267 339/1068/267
f 314/1069/268 312/1070/268 337/1071/268 340/1072/268
f 315/1073/269 313/1074/269 338/1075/269 341/1076/269
f 316/1077/270 314/1078/270 340/1079/270 342/1080/270
f 317/1081/271 315/1082/271 341/1083/271 343/1084/271
f 318/1085/272 316/1086/272 342/1087/272 344/1088/272
f 319/1089/273 317/1090/273 343/1091/273 345/1092/273
f 320/1093/274 318/1094/274 344/1095/274 346/1096/274
f 321/1097/275 319/1098/275 345/1099/275 347/1100/275
f 322/1101/276 320/1102/276 346/1103/276 348/1104/276
f 323/1105/277 321/1106/277 347/1107/277 349/1108/277
f 324/1109/278 322/1110/278 348/1111/278 350/1112/278
f 325/1113/279 323/1114/279 349/1115/279 351/1116/279
f 294/1117/280 324/1118/280 350/1119/280 352/1120/280
f 296/1121/281 325/1122/281 351/1123/281 353/1124/281
f 295/1125/282 294/1126/282 352/1127/282 354/1128/282
f 297/1129/283 296/1130/283 353/1131/283 355/1132/283
f 298/1133/284 295/1134/284 354/1135/284 356/1136/284
f 299/1137/285 297/1138/285 355/1139/285 357/1140/285
f 301/1141/286 300/1142/286 339/1143/286 326/1144/286
f 302/1145/287 298/1146/287 356/1147/287 328/1148/287
f 303/1149/288 299/1150/288 357/1151/288 330/1152/288
f 338/1153/289 335/1154/289 358/1155/289 359/1156/289
f 339/1157/290 336/1158/290 360/1159/290 361/1160/290
f 340/1161/291 337/1162/291 362/1163/291 363/1164/291
f 341/1165/292 338/1166/292 359/1167/292 364/1168/292
f 342/1169/293 340/1170/293 363/1171/293 365/1172/293
f 343/1173/294 341/1174/294 364/1175/294 366/1176/294
f 344/1177/295 342/1178/295 365/1179/295 367/1180/295
f 345/1181/296 343/1182/296 366/1183/296 368/1184/296
f 346/1185/297 344/1186/297 367/1187/297 369/1188/297
f 347/1189/298 345/1190/298 368/1191/298 370/1192/298
f 348/1193/299 346/1194/299 369/1195/299 371/1196/299
f 349/1197/300 347/1198/300 370/1199/300 372/1200/300
f 350/1201/301 348/1202/301 371/1203/301 373/1204/301
f 351/1205/302 349/1206/302 372/1207/302 374/1208/302
f 352/1209/303 350/1210/303 373/1211/303 375/1212/303
f 353/1213/304 351/1214/304 374/1215/304 376/1216/304
f 354/1217/305 352/1218/305 375/1219/305 377/1220/305
f 355/1221/306 353/1222/306 376/1223/306 378/1224/306
f 356/1225/307 354/1226/307 377/1227/307 379/1228/307
f 357/1229/308 355/1230/308 378/1231/308 380/1232/308
f 326/1233/309 339/1234/309 361/1235/309 381/1236/309
f 328/1237/310 356/1238/310 379/1239/310 382/1240/310
f 330/1241/311 357/1242/311 380/1243/311 383/1244/311
f 327/1245/312 326/1246/312 381/1247/312 384/1248/312
f 329/1249/313 328/1250/313 382/1251/313 385/1252/313
f 331/1253/314 330/1254/314 383/1255/314 386/1256/314
f 332/1257/315 327/1258/315 384/1259/315 387/1260/315
f 333/1261/316 329/1262/316 385/1263/316 388/1264/316
f 334/1265/317 331/1266/317 386/1267/317 389/1268/317
f 335/1269/318 332/1270/318 387/1271/318 358/1272/318
f 336/1273/319 333/1274/319 388/1275/319 360/1276/319
f 337/1277/320 334/1278/320 389/1279/320 362/1280/320
f 368/1281/321 366/1282/321 390/1283/321 391/1284/321
f 369/1285/322 367/1286/322 392/1287/322 393/1288/322
f 370/1289/323 368/1290/323 391/1291/323 394/1292/323
f 371/1293/324 369/1294/324 393/1295/324 395/1296/324
f 372/1297/325 370/1298/325 394/1299/325 396/1300/325
f 373/1301/326 371/1302/326 395/1303/326 397/1304/326
f 374/1305/327 372/1306/327 396/1307/327 398/1308/327
f 375/1309/328 373/1310/328 397/1311/328 399/1312/328
f 376/1313/329 374/1314/329 398/1315/329 400/1316/329
f 377/1317/330 375/1318/330 399/1319/330 401/1320/330
f 378/1321/331 376/1322/331 400/1323/331 402/1324/331
f 379/1325/332 377/1326/332 401/1327/332 403/1328/332
f 380/1329/333 378/1330/333 402/1331/333 404/1332/333
f 381/1333/334 361/1334/334 405/1335/334 406/1336/334
f 382/1337/335 379/1338/335 403/1339/335 407/1340/335
f 383/1341/336 380/1342/336 404/1343/336 408/1344/336
f 384/1345/337 381/1346/337 406/1347/337 409/1348/337
f 385/1349/338 382/1350/338 407/1351/338 410/1352/338
f 386/1353/339 383/1354/339 408/1355/339 411/1356/339
f 387/1357/340 384/1358/340 409/1359/340 412/1360/340
f 388/1361/341 385/1362/341 410/1363/341 413/1364/341
f 389/1365/342 386/1366/342 411/1367/342 414/1368/342
f 358/1369/343 387/1370/343 412/1371/343 415/1372/343
f 360/1373/344 388/1374/344 413/1375/344 416/1376/344
f 362/1377/345 389/1378/345 414/1379/345 417/1380/345
f 359/1381/346 358/1382/346 415/1383/346 418/1384/346
f 361/1385/347 360/1386/347 416/1387/347 405/1388/347
f 363/1389/348 362/1390/348 417/1391/348 419/1392/348
f 364/1393/349 359/1394/349 418/1395/349 420/1396/349
f 365/1397/350 363/1398/350 419/1399/350 421/1400/350
f 366/1401/351 364/1402/351 420/1403/351 390/1404/351
f 367/1405/352 365/1406/352 421/1407/352 392/1408/352
f 422/1409/353 396/1410/353 398/1411/353 423/1412/353
f 424/1413/354 397/1414/354 399/1415/354 425/1416/354
f 423/1417/355 398/1418/355 400/1419/355 426/1420/355
f 425/1421/356 399/1422/356 401/1423/356 427/1424/356
f 402/1425/357 400/1426/357 426/1427/357 428/1428/357
f 403/1429/358 401/1430/358 427/1431/358 429/1432/358
f 428/1433/359 402/1434/359 404/1435/359 430/1436/359
f 431/1437/360 405/1438/360 406/1439/360 432/1440/360
f 407/1441/361 403/1442/361 429/1443/361 433/1444/361
f 430/1445/362 404/1446/362 408/1447/362 434/1448/362
f 409/1449/363 406/1450/363 432/1451/363 435/1452/363
f 410/1453/364 407/1454/364 433/1455/364 436/1456/364
f 411/1457/365 408/1458/365 434/1459/365 437/1460/365
f 412/1461/366 409/1462/366 435/1463/366 438/1464/366
f 436/1465/367 410/1466/367 413/1467/367 439/1468/367
f 414/1469/368 411/1470/368 437/1471/368 440/1472/368
f 438/1473/369 412/1474/369 415/1475/369 441/1476/369
f 416/1477/370 413/1478/370 439/1479/370 442/1480/370
f 440/1481/371 414/1482/371 417/1483/371 443/1484/371
f 418/1485/372 415/1486/372 441/1487/372 444/1488/372
f 442/1489/373 416/1490/373 405/1491/373 431/1492/373
f 419/1493/374 417/1494/374 443/1495/374 445/1496/374
f 444/1497/375 418/1498/375 420/1499/375 446/1500/375
f 445/1501/376 419/1502/376 421/1503/376 447/1504/376
f 390/1505/377 420/1506/377 446/1507/377 448/1508/377
f 447/1509/378 421/1510/378 392/1511/378 449/1512/378
f 391/1513/379 390/1514/379 448/1515/379 450/1516/379
f 393/1517/380 392/1518/380 449/1519/380 451/1520/380
f 450/1521/381 391/1522/381 394/1523/381 452/1524/381
f 451/1525/382 393/1526/382 395/1527/382 453/1528/382
f 396/1529/383 394/1530/383 452/1531/383 422/1532/383
f 453/1533/384 395/1534/384 397/1535/384 424/1536/384
f 103/1537/385 105/1538/385 454/1539/385 455/1540/385
f 107/1541/386 106/1542/386 456/1543/386 457/1544/386
f 104/1545/387 108/1546/387 458/1547/387 459/1548/387
f 105/1549/388 109/1550/388 460/1551/388 454/1552/388
f 106/1553/389 110/1554/389 461/1555/389 456/1556/389
f 108/1557/390 111/1558/390 462/1559/390 458/1560/390
f 109/1561/391 112/1562/391 463/1563/391 460/1564/391
f 110/1565/392 113/1566/392 464/1567/392 461/1568/392
f 111/1569/393 114/1570/393 465/1571/393 462/1572/393
f 112/1573/394 115/1574/394 466/1575/394 463/1576/394
f 113/1577/395 116/1578/395 467/1579/395 464/1580/395
f 114/1581/396 117/1582/396 468/1583/396 465/1584/396
f 115/1585/397 118/1586/397 469/1587/397 466/1588/397
f 116/1589/398 119/1590/398 470/1591/398 467/1592/398
f 117/1593/399 107/1594/399 457/1595/399 468/1596/399
f 118/1597/400 120/1598/400 471/1599/400 469/1600/400
f 119/1601/401 121/1602/401 472/1603/401 470/1604/401
f 120/1605/402 122/1606/402 473/1607/402 471/1608/402
f 121/1609/403 123/1610/403 474/1611/403 472/1612/403
f 122/1613/404 124/1614/404 475/1615/404 473/1616/404
f 123/1617/405 125/1618/405 476/1619/405 474/1620/405
f 124/1621/406 126/1622/406 477/1623/406 475/1624/406
f 125/1625/407 127/1626/407 478/1627/407 476/1628/407
f 126/1629/408 128/1630/408 479/1631/408 477/1632/408
f 127/1633/409 98/1634/409 480/1635/409 478/1636/409
f 128/1637/410 100/1638/410 481/1639/410 479/1640/410
f 98/1641/411 97/1642/411 482/1643/411 480/1644/411
f 100/1645/412 99/1646/412 483/1647/412 481/1648/412
f 97/1649/413 101/1650/413 484/1651/413 482/1652/413
f 99/1653/414 102/1654/414 485/1655/414 483/1656/414
f 101/1657/415 103/1658/415 455/1659/415 484/1660/415
f 102/1661/416 104/1662/416 459/1663/416 485/1664/416
f 463/1665/417 466/1666/417 486/1667/417 487/1668/417
f 464/1669/418 467/1670/418 488/1671/418 489/1672/418
f 465/1673/419 468/1674/419 490/1675/419 491/1676/419
f 466/1677/420 469/1678/420 492/1679/420 486/1680/420
f 467/1681/421 470/1682/421 493/1683/421 488/1684/421
f 468/1685/422 457/1686/422 494/1687/422 490/1688/422
f 469/1689/423 471/1690/423 495/1691/423 492/1692/423
f 470/1693/424 472/1694/424 496/1695/424 493/1696/424
f 471/1697/425 473/1698/425 497/1699/425 495/1700/425
f 472/1701/426 474/1702/426 498/1703/426 496/1704/426
f 473/1705/427 475/1706/427 499/1707/427 497/1708/427
f 474/1709/428 476/1710/428 500/1711/428 498/1712/428
f 475/1713/429 477/1714/429 501/1715/429 499/1716/429
f 476/1717/430 478/1718/430 502/1719/430 500/1720/430
f 477/1721/431 479/1722/431 503/1723/431 501/1724/431
f 478/1725/432 480/1726/432 504/1727/432 502/1728/432
f 479/1729/433 481/1730/433 505/1731/433 503/1732/433
f 480/1733/434 482/1734/434 506/1735/434 504/1736/434
f 481/1737/435 483/1738/435 507/1739/435 505/1740/435
f 482/1741/436 484/1742/436 508/1743/436 506/1744/436
f 483/1745/437 485/1746/437 509/1747/437 507/1748/437
f 484/1749/438 455/1750/438 510/1751/438 508/1752/438
f 485/1753/439 459/1754/439 511/1755/439 509/1756/439
f 455/1757/440 454/1758/440 512/1759/440 510/1760/440
f 457/1761/441 456/1762/441 513/1763/441 494/1764/441
f 459/1765/442 458/1766/442 514/1767/442 511/1768/442
f 454/1769/443 460/1770/443 515/1771/443 512/1772/443
f 456/1773/444 461/1774/444 516/1775/444 513/1776/444
f 458/1777/445 462/1778/445 517/1779/445 514/1780/445
f 460/1781/446 463/1782/446 487/1783/446 515/1784/446
f 461/1785/447 464/1786/447 489/1787/447 516/1788/447
f 462/1789/448 465/1790/448 491/1791/448 517/1792/448
f 487/1793/449 486/1794/449 518/1795/449 519/1796/449
f 190/1797/450 201/1798/450 520/1799/450 521/1800/450
f 197/1801/451 196/1802/451 522/1803/451 523/1804/451
f 524/1805/452 525/1806/452 526/1807/452 527/1808/452
f 185/1809/453 186/1810/453 525/1811/453 524/1812/453
f 201/1813/454 155/1814/454 157/1815/454 190/1816/454
f 195/1817/455 206/1818/455 528/1819/455 196/1820/455
f 153/1821/456 151/1822/456 529/1823/456 200/1824/456
f 186/1825/457 194/1826/457 197/1827/457 525/1828/457
f 527/1829/458 526/1830/458 530/1831/458 531/1832/458
f 520/1833/459 532/1834/459 533/1835/459 534/1836/459
f 526/1837/460 523/1838/460 535/1839/460 530/1840/460
f 200/1841/461 529/1842/461 536/1843/461 532/1844/461
f 191/1845/462 190/1846/462 521/1847/462 537/1848/462
f 196/1849/463 538/1850/463 528/1851/463 522/1852/463
f 525/1853/464 523/1854/464 197/1855/464 526/1856/464
f 201/1857/465 200/1858/465 532/1859/465 520/1860/465
f 539/1861/466 531/1862/466 530/1863/466 535/1864/466
f 540/1865/467 539/1866/467 535/1867/467 541/1868/467
f 542/1869/468 540/1870/468 541/1871/468 543/1872/468
f 523/1873/469 522/1874/469 541/1875/469 535/1876/469
f 521/1877/470 520/1878/470 534/1879/470 544/1880/470
f 532/1881/471 536/1882/471 545/1883/471 533/1884/471
f 537/1885/472 521/1886/472 544/1887/472 546/1888/472
f 522/1889/473 538/1890/473 543/1891/473 541/1892/473
f 547/1893/474 548/1894/474 549/1895/474 550/1896/474
f 489/1897/475 488/1898/475 551/1899/475 552/1900/475
f 491/1901/476 490/1902/476 553/1903/476 554/1904/476
f 486/1905/477 492/1906/477 555/1907/477 518/1908/477
f 488/1909/478 493/1910/478 556/1911/478 551/1912/478
f 490/1913/479 494/1914/479 557/1915/479 553/1916/479
f 492/1917/480 495/1918/480 558/1919/480 555/1920/480
f 493/1921/481 496/1922/481 559/1923/481 556/1924/481
f 495/1925/482 497/1926/482 560/1927/482 558/1928/482
f 496/1929/483 498/1930/483 561/1931/483 559/1932/483
f 497/1933/484 499/1934/484 562/1935/484 560/1936/484
f 498/1937/485 500/1938/485 563/1939/485 561/1940/485
f 499/1941/486 501/1942/486 564/1943/486 562/1944/486
f 500/1945/487 502/1946/487 565/1947/487 563/1948/487
f 501/1949/488 503/1950/488 566/1951/488 564/1952/488
f 502/1953/489 504/1954/489 567/1955/489 565/1956/489
f 503/1957/490 505/1958/490 568/1959/490 566/1960/490
f 504/1961/491 506/1962/491 569/1963/491 567/1964/491
f 505/1965/492 507/1966/492 547/1967/492 568/1968/492
f 506/1969/493 508/1970/493 570/1971/493 569/1972/493
f 507/1973/494 509/1974/494 548/1975/494 547/1976/494
f 508/1977/495 510/1978/495 571/1979/495 570/1980/495
f 509/1981/496 511/1982/496 572/1983/496 548/1984/496
f 510/1985/497 512/1986/497 573/1987/497 571/1988/497
f 494/1989/498 513/1990/498 574/1991/498 557/1992/498
f 511/1993/499 514/1994/499 575/1995/499 572/1996/499
f 512/1997/500 515/1998/500 576/1999/500 573/2000/500
f 513/2001/501 516/2002/501 577/2003/501 574/2004/501
f 514/2005/502 517/2006/502 578/2007/502 575/2008/502
f 515/2009/503 487/2010/503 519/2011/503 576/2012/503
f 516/2013/504 489/2014/504 552/2015/504 577/2016/504
f 517/2017/505 491/2018/505 554/2019/505 578/2020/505
f 579/2021/506 580/2022/506 581/2023/506 582/2024/506
f 570/2025/507 571/2026/507 583/2027/507 584/2028/507
f 548/2029/508 572/2030/508 585/2031/508 549/2032/508
f 571/2033/509 573/2034/509 586/2035/509 583/2036/509
f 557/2037/510 574/2038/510 579/2039/510 587/2040/510
f 572/2041/511 575/2042/511 588/2043/511 585/2044/511
f 573/2045/512 576/2046/512 589/2047/512 586/2048/512
f 574/2049/513 577/2050/513 580/2051/513 579/2052/513
f 575/2053/514 578/2054/514 590/2055/514 588/2056/514
f 576/2057/515 519/2058/515 591/2059/515 589/2060/515
f 577/2061/516 552/2062/516 581/2063/516 580/2064/516
f 578/2065/517 554/2066/517 592/2067/517 590/2068/517
f 519/2069/518 518/2070/518 593/2071/518 591/2072/518
f 552/2073/519 551/2074/519 582/2075/519 581/2076/519
f 554/2077/520 553/2078/520 594/2079/520 592/2080/520
f 518/2081/521 555/2082/521 595/2083/521 593/2084/521
f 551/2085/522 556/2086/522 596/2087/522 582/2088/522
f 553/2089/523 557/2090/523 587/2091/523 594/2092/523
f 555/2093/524 558/2094/524 597/2095/524 595/2096/524
f 556/2097/525 559/2098/525 598/2099/525 596/2100/525
f 558/2101/526 560/2102/526 599/2103/526 597/2104/526
f 559/2105/527 561/2106/527 600/2107/527 598/2108/527
f 560/2109/528 562/2110/528 601/2111/528 599/2112/528
f 561/2113/529 563/2114/529 602/2115/529 600/2116/529
f 562/2117/530 564/2118/530 603/2119/530 601/2120/530
f 563/2121/531 565/2122/531 604/2123/531 602/2124/531
f 564/2125/532 566/2126/532 605/2127/532 603/2128/532
f 565/2129/533 567/2130/533 606/2131/533 604/2132/533
f 566/2133/534 568/2134/534 607/2135/534 605/2136/534
f 567/2137/535 569/2138/535 608/2139/535 606/2140/535
f 568/2141/536 547/2142/536 550/2143/536 607/2144/536
f 569/2145/537 570/2146/537 584/2147/537 608/2148/537
f 609/2149/538 537/2150/538 546/2151/538 542/2152/538
f 544/2153/539 534/2154/539 610/2155/539 546/2156/539
f 534/2157/540 533/2158/540 611/2159/540 610/2160/540
f 533/2161/541 545/2162/541 612/2163/541 611/2164/541
f 613/2165/542 191/2166/542 537/2167/542 609/2168/542
f 536/2169/543 614/2170/543 612/2171/543 545/2172/543
f 151/2173/544 615/2174/544 616/2175/544 529/2176/544
f 614/2177/545 616/2178/545 529/2179/545 536/2180/545
f 142/2181/546 139/2182/546 617/2183/546 618/2184/546
f 141/2185/547 138/2186/547 619/2187/547 620/2188/547
f 140/2189/548 137/2190/548 621/2191/548 622/2192/548
f 139/2193/549 136/2194/549 623/2195/549 617/2196/549
f 138/2197/550 135/2198/550 624/2199/550 619/2200/550
f 137/2201/551 133/2202/551 625/2203/551 621/2204/551
f 136/2205/552 132/2206/552 626/2207/552 623/2208/552
f 135/2209/553 134/2210/553 627/2211/553 624/2212/553
f 133/2213/554 130/2214/554 628/2215/554 625/2216/554
f 132/2217/555 131/2218/555 629/2219/555 626/2220/555
f 130/2221/556 129/2222/556 630/2223/556 628/2224/556
f 131/2225/557 160/2226/557 631/2227/557 629/2228/557
f 129/2229/558 159/2230/558 632/2231/558 630/2232/558
f 160/2233/559 158/2234/559 633/2235/559 631/2236/559
f 159/2237/560 157/2238/560 189/2239/560 632/2240/560
f 158/2241/561 156/2242/561 634/2243/561 633/2244/561
f 156/2245/562 154/2246/562 635/2247/562 634/2248/562
f 154/2249/563 152/2250/563 636/2251/563 635/2252/563
f 205/2253/564 189/2254/564 191/2255/564 613/2256/564
f 152/2257/565 150/2258/565 637/2259/565 636/2260/565
f 151/2261/566 149/2262/566 638/2263/566 615/2264/566
f 150/2265/567 148/2266/567 639/2267/567 637/2268/567
f 149/2269/568 147/2270/568 640/2271/568 638/2272/568
f 148/2273/569 146/2274/569 641/2275/569 639/2276/569
f 134/2277/570 145/2278/570 642/2279/570 627/2280/570
f 147/2281/571 144/2282/571 643/2283/571 640/2284/571
f 146/2285/572 143/2286/572 644/2287/572 641/2288/572
f 145/2289/573 142/2290/573 618/2291/573 642/2292/573
f 144/2293/574 141/2294/574 620/2295/574 643/2296/574
f 143/2297/575 140/2298/575 622/2299/575 644/2300/575
f 206/2301/576 205/2302/576 613/2303/576 528/2304/576
f 528/2305/577 613/2306/577 609/2307/577 538/2308/577
f 538/2309/578 609/2310/578 542/2311/578 543/2312/578
f 546/2313/579 610/2314/579 540/2315/579 542/2316/579
f 610/2317/580 611/2318/580 539/2319/580 540/2320/580
f 611/2321/581 612/2322/581 531/2323/581 539/2324/581
f 614/2325/582 527/2326/582 531/2327/582 612/2328/582
f 615/2329/583 185/2330/583 524/2331/583 616/2332/583
f 616/2333/584 524/2334/584 527/2335/584 614/2336/584
f 618/2337/585 617/2338/585 228/2339/585 170/2340/585
f 620/2341/586 619/2342/586 226/2343/586 166/2344/586
f 622/2345/587 621/2346/587 224/2347/587 162/2348/587
f 617/2349/588 623/2350/588 222/2351/588 228/2352/588
f 619/2353/589 624/2354/589 220/2355/589 226/2356/589
f 621/2357/590 625/2358/590 218/2359/590 224/2360/590
f 623/2361/591 626/2362/591 216/2363/591 222/2364/591
f 624/2365/592 627/2366/592 177/2367/592 220/2368/592
f 625/2369/593 628/2370/593 214/2371/593 218/2372/593
f 626/2373/594 629/2374/594 212/2375/594 216/2376/594
f 628/2377/595 630/2378/595 210/2379/595 214/2380/595
f 629/2381/596 631/2382/596 208/2383/596 212/2384/596
f 630/2385/597 632/2386/597 204/2387/597 210/2388/597
f 631/2389/598 633/2390/598 202/2391/598 208/2392/598
f 632/2393/599 189/2394/599 205/2395/599 204/2396/599
f 633/2397/600 634/2398/600 198/2399/600 202/2400/600
f 634/2401/601 635/2402/601 192/2403/601 198/2404/601
f 635/2405/602 636/2406/602 187/2407/602 192/2408/602
f 636/2409/603 637/2410/603 183/2411/603 187/2412/603
f 615/2413/604 638/2414/604 181/2415/604 185/2416/604
f 637/2417/605 639/2418/605 179/2419/605 183/2420/605
f 638/2421/606 640/2422/606 175/2423/606 181/2424/606
f 639/2425/607 641/2426/607 173/2427/607 179/2428/607
f 627/2429/608 642/2430/608 169/2431/608 177/2432/608
f 640/2433/609 643/2434/609 165/2435/609 175/2436/609
f 641/2437/610 644/2438/610 161/2439/610 173/2440/610
f 642/2441/611 618/2442/611 170/2443/611 169/2444/611
f 643/2445/612 620/2446/612 166/2447/612 165/2448/612
f 644/2449/613 622/2450/613 162/2451/613 161/2452/613
f 645/2453/614 646/2454/614 647/2455/614 648/2456/614
f 649/2457/615 650/2458/615 651/2459/615 652/2460/615
f 648/2461/616 647/2462/616 653/2463/616 654/2464/616
f 652/2465/617 651/2466/617 655/2467/617 656/2468/617
f 654/2469/618 653/2470/618 657/2471/618 658/2472/618
f 656/2473/619 655/2474/619 659/2475/619 660/2476/619
f 658/2477/620 657/2478/620 661/2479/620 662/2480/620
f 660/2481/621 659/2482/621 663/2483/621 664/2484/621
f 662/2485/622 661/2486/622 665/2487/622 666/2488/622
f 667/2489/623 668/2490/623 669/2491/623 670/2492/623
f 664/2493/624 663/2494/624 671/2495/624 672/2496/624
f 666/2497/625 665/2498/625 673/2499/625 674/2500/625
f 670/2501/626 669/2502/626 675/2503/626 676/2504/626
f 672/2505/627 671/2506/627 677/2507/627 678/2508/627
f 674/2509/628 673/2510/628 679/2511/628 680/2512/628
f 676/2513/629 675/2514/629 681/2515/629 682/2516/629
f 678/2517/630 677/2518/630 683/2519/630 684/2520/630
f 680/2521/631 679/2522/631 685/2523/631 686/2524/631
f 682/2525/632 681/2526/632 687/2527/632 688/2528/632
f 684/2529/633 683/2530/633 689/2531/633 690/2532/633
f 686/2533/634 685/2534/634 691/2535/634 692/2536/634
f 688/2537/635 687/2538/635 693/2539/635 694/2540/635
f 690/2541/636 689/2542/636 668/2543/636 667/2544/636
f 692/2545/637 691/2546/637 695/2547/637 696/2548/637
f 694/2549/638 693/2550/638 697/2551/638 698/2552/638
f 696/2553/639 695/2554/639 699/2555/639 700/2556/639
f 698/2557/640 697/2558/640 701/2559/640 702/2560/640
f 700/2561/641 699/2562/641 703/2563/641 704/2564/641
f 702/2565/642 701/2566/642 705/2567/642 706/2568/642
f 704/2569/643 703/2570/643 707/2571/643 708/2572/643
f 706/2573/644 705/2574/644 646/2575/644 645/2576/644
f 708/2577/645 707/2578/645 650/2579/645 649/2580/645
f 687/2581/646 709/2582/646 710/2583/646 693/2584/646
f 689/2585/647 711/2586/647 712/2587/647 668/2588/647
f 691/2589/648 713/2590/648 714/2591/648 695/2592/648
f 693/2593/649 710/2594/649 715/2595/649 697/2596/649
f 695/2597/650 714/2598/650 716/2599/650 699/2600/650
f 697/2601/651 715/2602/651 717/2603/651 701/2604/651
f 699/2605/652 716/2606/652 718/2607/652 703/2608/652
f 701/2609/653 717/2610/653 719/2611/653 705/2612/653
f 703/2613/654 718/2614/654 720/2615/654 707/2616/654
f 705/2617/655 719/2618/655 721/2619/655 646/2620/655
f 707/2621/656 720/2622/656 722/2623/656 650/2624/656
f 646/2625/657 721/2626/657 723/2627/657 647/2628/657
f 650/2629/658 722/2630/658 724/2631/658 651/2632/658
f 647/2633/659 723/2634/659 725/2635/659 653/2636/659
f 651/2637/660 724/2638/660 726/2639/660 655/2640/660
f 653/2641/661 725/2642/661 727/2643/661 657/2644/661
f 655/2645/662 726/2646/662 728/2647/662 659/2648/662
f 657/2649/663 727/2650/663 729/2651/663 661/2652/663
f 659/2653/664 728/2654/664 730/2655/664 663/2656/664
f 661/2657/665 729/2658/665 731/2659/665 665/2660/665
f 668/2661/666 712/2662/666 732/2663/666 669/2664/666
f 663/2665/667 730/2666/667 733/2667/667 671/2668/667
f 665/2669/668 731/2670/668 734/2671/668 673/2672/668
f 669/2673/669 732/2674/669 735/2675/669 675/2676/669
f 671/2677/670 733/2678/670 736/2679/670 677/2680/670
f 673/2681/671 734/2682/671 737/2683/671 679/2684/671
f 675/2685/672 735/2686/672 738/2687/672 681/2688/672
f 677/2689/673 736/2690/673 739/2691/673 683/2692/673
f 679/2693/674 737/2694/674 740/2695/674 685/2696/674
f 681/2697/675 738/2698/675 709/2699/675 687/2700/675
f 683/2701/676 739/2702/676 711/2703/676 689/2704/676
f 685/2705/677 740/2706/677 713/2707/677 691/2708/677
f 723/2709/678 741/2710/678 742/2711/678 725/2712/678
f 724/2713/679 743/2714/679 744/2715/679 726/2716/679
f 725/2717/680 742/2718/680 745/2719/680 727/2720/680
f 726/2721/681 744/2722/681 746/2723/681 728/2724/681
f 727/2725/682 745/2726/682 747/2727/682 729/2728/682
f 728/2729/683 746/2730/683 748/2731/683 730/2732/683
f 729/2733/684 747/2734/684 749/2735/684 731/2736/684
f 712/2737/685 750/2738/685 751/2739/685 732/2740/685
f 730/2741/686 748/2742/686 752/2743/686 733/2744/686
f 731/2745/687 749/2746/687 753/2747/687 734/2748/687
f 732/2749/688 751/2750/688 754/2751/688 735/2752/688
f 733/2753/689 752/2754/689 755/2755/689 736/2756/689
f 734/2757/690 753/2758/690 756/2759/690 737/2760/690
f 735/2761/691 754/2762/691 757/2763/691 738/2764/691
f 736/2765/692 755/2766/692 758/2767/692 739/2768/692
f 737/2769/693 756/2770/693 759/2771/693 740/2772/693
f 738/2773/694 757/2774/694 760/2775/694 709/2776/694
f 739/2777/695 758/2778/695 761/2779/695 711/2780/695
f 740/2781/696 759/2782/696 762/2783/696 713/2784/696
f 709/2785/697 760/2786/697 763/2787/697 710/2788/697
f 711/2789/698 761/2790/698 750/2791/698 712/2792/698
f 713/2793/699 762/2794/699 764/2795/699 714/2796/699
f 710/2797/700 763/2798/700 765/2799/700 715/2800/700
f 714/2801/701 764/2802/701 766/2803/701 716/2804/701
f 715/2805/702 765/2806/702 767/2807/702 717/2808/702
f 716/2809/703 766/2810/703 768/2811/703 718/2812/703
f 717/2813/704 767/2814/704 769/2815/704 719/2816/704
f 718/2817/705 768/2818/705 770/2819/705 720/2820/705
f 719/2821/706 769/2822/706 771/2823/706 721/2824/706
f 720/2825/707 770/2826/707 772/2827/707 722/2828/707
f 721/2829/708 771/2830/708 741/2831/708 723/2832/708
f 722/2833/709 772/2834/709 743/2835/709 724/2836/709
f 662/2837/710 773/2838/710 774/2839/710 658/2840/710
f 664/2841/711 775/2842/711 776/2843/711 660/2844/711
f 666/2845/712 777/2846/712 773/2847/712 662/2848/712
f 670/2849/713 778/2850/713 779/2851/713 667/2852/713
f 672/2853/714 780/2854/714 775/2855/714 664/2856/714
f 674/2857/715 781/2858/715 777/2859/715 666/2860/715
f 676/2861/716 782/2862/716 778/2863/716 670/2864/716
f 678/2865/717 783/2866/717 780/2867/717 672/2868/717
f 680/2869/718 784/2870/718 781/2871/718 674/2872/718
f 682/2873/719 785/2874/719 782/2875/719 676/2876/719
f 684/2877/720 786/2878/720 783/2879/720 678/2880/720
f 686/2881/721 787/2882/721 784/2883/721 680/2884/721
f 688/2885/722 788/2886/722 785/2887/722 682/2888/722
f 690/2889/723 789/2890/723 786/2891/723 684/2892/723
f 692/2893/724 790/2894/724 787/2895/724 686/2896/724
f 694/2897/725 791/2898/725 788/2899/725 688/2900/725
f 667/2901/726 779/2902/726 789/2903/726 690/2904/726
f 696/2905/727 792/2906/727 790/2907/727 692/2908/727
f 698/2909/728 793/2910/728 791/2911/728 694/2912/728
f 700/2913/729 794/2914/729 792/2915/729 696/2916/729
f 702/2917/730 795/2918/730 793/2919/730 698/2920/730
f 704/2921/731 796/2922/731 794/2923/731 700/2924/731
f 706/2925/732 797/2926/732 795/2927/732 702/2928/732
f 708/2929/733 798/2930/733 796/2931/733 704/2932/733
f 645/2933/734 799/2934/734 797/2935/734 706/2936/734
f 649/2937/735 800/2938/735 798/2939/735 708/2940/735
f 648/2941/736 801/2942/736 799/2943/736 645/2944/736
f 652/2945/737 802/2946/737 800/2947/737 649/2948/737
f 654/2949/738 803/2950/738 801/2951/738 648/2952/738
f 656/2953/739 804/2954/739 802/2955/739 652/2956/739
f 658/2957/740 774/2958/740 803/2959/740 654/2960/740
f 660/2961/741 776/2962/741 804/2963/741 656/2964/741
f 805/2965/742 806/2966/742 807/2967/742 808/2968/742
f 809/2969/743 810/2970/743 811/2971/743 812/2972/743
f 813/2973/744 814/2974/744 815/2975/744 816/2976/744
f 817/2977/745 818/2978/745 806/2979/745 805/2980/745
f 819/2981/746 820/2982/746 810/2983/746 809/2984/746
f 821/2985/747 822/2986/747 814/2987/747 813/2988/747
f 823/2989/748 824/2990/748 818/2991/748 817/2992/748
f 825/2993/749 826/2994/749 820/2995/749 819/2996/749
f 827/2997/750 828/2998/750 824/2999/750 823/3000/750
f 829/3001/751 830/3002/751 826/3003/751 825/3004/751
f 831/3005/752 832/3006/752 828/3007/752 827/3008/752
f 833/3009/753 834/3010/753 835/3011/753 801/3012/753
f 836/3013/754 837/3014/754 832/3015/754 831/3016/754
f 838/3017/755 839/3018/755 840/3019/755 841/3020/755
f 842/3021/756 843/3022/756 837/3023/756 836/3024/756
f 799/3025/757 844/3026/757 845/3027/757 797/3028/757
f 846/3029/758 847/3030/758 843/3031/758 842/3032/758
f 848/3033/759 849/3034/759 850/3035/759 851/3036/759
f 852/3037/760 853/3038/760 847/3039/760 846/3040/760
f 854/3041/761 855/3042/761 849/3043/761 848/3044/761
f 856/3045/762 857/3046/762 853/3047/762 852/3048/762
f 858/3049/763 859/3050/763 855/3051/763 854/3052/763
f 860/3053/764 861/3054/764 857/3055/764 856/3056/764
f 862/3057/765 863/3058/765 859/3059/765 858/3060/765
f 864/3061/766 865/3062/766 822/3063/766 821/3064/766
f 866/3065/767 867/3066/767 861/3067/767 860/3068/767
f 868/3069/768 869/3070/768 863/3071/768 862/3072/768
f 870/3073/769 871/3074/769 865/3075/769 864/3076/769
f 872/3077/770 873/3078/770 867/3079/770 866/3080/770
f 808/3081/771 807/3082/771 869/3083/771 868/3084/771
f 812/3085/772 811/3086/772 871/3087/772 870/3088/772
f 816/3089/773 815/3090/773 873/3091/773 872/3092/773
f 828/3093/774 874/3094/774 875/3095/774 824/3096/774
f 830/3097/775 876/3098/775 877/3099/775 826/3100/775
f 832/3101/776 878/3102/776 874/3103/776 828/3104/776
f 838/3105/777 879/3106/777 876/3107/777 830/3108/777
f 837/3109/778 880/3110/778 878/3111/778 832/3112/778
f 841/3113/779 881/3114/779 879/3115/779 838/3116/779
f 843/3117/780 882/3118/780 880/3119/780 837/3120/780
f 850/3121/781 883/3122/781 881/3123/781 841/3124/781
f 847/3125/782 884/3126/782 882/3127/782 843/3128/782
f 849/3129/783 885/3130/783 883/3131/783 850/3132/783
f 853/3133/784 886/3134/784 884/3135/784 847/3136/784
f 855/3137/785 887/3138/785 885/3139/785 849/3140/785
f 857/3141/786 888/3142/786 886/3143/786 853/3144/786
f 859/3145/787 889/3146/787 887/3147/787 855/3148/787
f 861/3149/788 890/3150/788 888/3151/788 857/3152/788
f 863/3153/789 891/3154/789 889/3155/789 859/3156/789
f 865/3157/790 892/3158/790 893/3159/790 822/3160/790
f 867/3161/791 894/3162/791 890/3163/791 861/3164/791
f 869/3165/792 895/3166/792 891/3167/792 863/3168/792
f 871/3169/793 896/3170/793 892/3171/793 865/3172/793
f 873/3173/794 897/3174/794 894/3175/794 867/3176/794
f 807/3177/795 898/3178/795 895/3179/795 869/3180/795
f 811/3181/796 899/3182/796 896/3183/796 871/3184/796
f 815/3185/797 900/3186/797 897/3187/797 873/3188/797
f 806/3189/798 901/3190/798 898/3191/798 807/3192/798
f 810/3193/799 902/3194/799 899/3195/799 811/3196/799
f 814/3197/800 903/3198/800 900/3199/800 815/3200/800
f 818/3201/801 904/3202/801 901/3203/801 806/3204/801
f 820/3205/802 905/3206/802 902/3207/802 810/3208/802
f 822/3209/803 893/3210/803 903/3211/803 814/3212/803
f 824/3213/804 875/3214/804 904/3215/804 818/3216/804
f 826/3217/805 877/3218/805 905/3219/805 820/3220/805
f 882/3221/806 906/3222/806 907/3223/806 880/3224/806
f 883/3225/807 908/3226/807 909/3227/807 881/3228/807
f 884/3229/808 910/3230/808 906/3231/808 882/3232/808
f 885/3233/809 911/3234/809 908/3235/809 883/3236/809
f 886/3237/810 912/3238/810 910/3239/810 884/3240/810
f 887/3241/811 913/3242/811 911/3243/811 885/3244/811
f 888/3245/812 914/3246/812 912/3247/812 886/3248/812
f 889/3249/813 915/3250/813 913/3251/813 887/3252/813
f 890/3253/814 916/3254/814 914/3255/814 888/3256/814
f 891/3257/815 917/3258/815 915/3259/815 889/3260/815
f 892/3261/816 918/3262/816 919/3263/816 893/3264/816
f 894/3265/817 920/3266/817 916/3267/817 890/3268/817
f 895/3269/818 921/3270/818 917/3271/818 891/3272/818
f 896/3273/819 922/3274/819 918/3275/819 892/3276/819
f 897/3277/820 923/3278/820 920/3279/820 894/3280/820
f 898/3281/821 924/3282/821 921/3283/821 895/3284/821
f 899/3285/822 925/3286/822 922/3287/822 896/3288/822
f 900/3289/823 926/3290/823 923/3291/823 897/3292/823
f 901/3293/824 927/3294/824 924/3295/824 898/3296/824
f 902/3297/825 928/3298/825 925/3299/825 899/3300/825
f 903/3301/826 929/3302/826 926/3303/826 900/3304/826
f 904/3305/827 930/3306/827 927/3307/827 901/3308/827
f 905/3309/828 931/3310/828 928/3311/828 902/3312/828
f 893/3313/829 919/3314/829 929/3315/829 903/3316/829
f 875/3317/830 932/3318/830 930/3319/830 904/3320/830
f 877/3321/831 933/3322/831 931/3323/831 905/3324/831
f 874/3325/832 934/3326/832 932/3327/832 875/3328/832
f 876/3329/833 935/3330/833 933/3331/833 877/3332/833
f 878/3333/834 936/3334/834 934/3335/834 874/3336/834
f 879/3337/835 937/3338/835 935/3339/835 876/3340/835
f 880/3341/836 907/3342/836 936/3343/836 878/3344/836
f 881/3345/837 909/3346/837 937/3347/837 879/3348/837
f 914/3349/838 938/3350/838 939/3351/838 912/3352/838
f 915/3353/839 940/3354/839 941/3355/839 913/3356/839
f 916/3357/840 942/3358/840 938/3359/840 914/3360/840
f 917/3361/841 943/3362/841 940/3363/841 915/3364/841
f 918/3365/842 944/3366/842 945/3367/842 919/3368/842
f 920/3369/843 946/3370/843 942/3371/843 916/3372/843
f 921/3373/844 947/3374/844 943/3375/844 917/3376/844
f 922/3377/845 948/3378/845 944/3379/845 918/3380/845
f 923/3381/846 949/3382/846 946/3383/846 920/3384/846
f 924/3385/847 950/3386/847 947/3387/847 921/3388/847
f 925/3389/848 951/3390/848 948/3391/848 922/3392/848
f 926/3393/849 952/3394/849 949/3395/849 923/3396/849
f 927/3397/850 953/3398/850 950/3399/850 924/3400/850
f 928/3401/851 954/3402/851 951/3403/851 925/3404/851
f 929/3405/852 955/3406/852 952/3407/852 926/3408/852
f 930/3409/853 956/3410/853 953/3411/853 927/3412/853
f 931/3413/854 957/3414/854 954/3415/854 928/3416/854
f 919/3417/855 945/3418/855 955/3419/855 929/3420/855
f 932/3421/856 958/3422/856 956/3423/856 930/3424/856
f 933/3425/857 959/3426/857 957/3427/857 931/3428/857
f 934/3429/858 960/3430/858 958/3431/858 932/3432/858
f 935/3433/859 961/3434/859 959/3435/859 933/3436/859
f 936/3437/860 962/3438/860 960/3439/860 934/3440/860
f 937/3441/861 963/3442/861 961/3443/861 935/3444/861
f 907/3445/862 964/3446/862 962/3447/862 936/3448/862
f 909/3449/863 965/3450/863 963/3451/863 937/3452/863
f 906/3453/864 966/3454/864 964/3455/864 907/3456/864
f 908/3457/865 967/3458/865 965/3459/865 909/3460/865
f 910/3461/866 968/3462/866 966/3463/866 906/3464/866
f 911/3465/867 969/3466/867 967/3467/867 908/3468/867
f 912/3469/868 939/3470/868 968/3471/868 910/3472/868
f 913/3473/869 941/3474/869 969/3475/869 911/3476/869
f 948/3477/870 970/3478/870 971/3479/870 944/3480/870
f 949/3481/871 972/3482/871 973/3483/871 946/3484/871
f 950/3485/872 974/3486/872 975/3487/872 947/3488/872
f 951/3489/873 976/3490/873 970/3491/873 948/3492/873
f 952/3493/874 977/3494/874 972/3495/874 949/3496/874
f 953/3497/875 978/3498/875 974/3499/875 950/3500/875
f 954/3501/876 979/3502/876 976/3503/876 951/3504/876
f 955/3505/877 980/3506/877 977/3507/877 952/3508/877
f 956/3509/878 981/3510/878 978/3511/878 953/3512/878
f 957/3513/879 982/3514/879 979/3515/879 954/3516/879
f 945/3517/880 983/3518/880 980/3519/880 955/3520/880
f 958/3521/881 984/3522/881 981/3523/881 956/3524/881
f 959/3525/882 985/3526/882 982/3527/882 957/3528/882
f 960/3529/883 986/3530/883 984/3531/883 958/3532/883
f 961/3533/884 987/3534/884 985/3535/884 959/3536/884
f 962/3537/885 988/3538/885 986/3539/885 960/3540/885
f 963/3541/886 989/3542/886 987/3543/886 961/3544/886
f 964/3545/887 990/3546/887 988/3547/887 962/3548/887
f 965/3549/888 991/3550/888 989/3551/888 963/3552/888
f 966/3553/889 992/3554/889 990/3555/889 964/3556/889
f 967/3557/890 993/3558/890 991/3559/890 965/3560/890
f 968/3561/891 994/3562/891 992/3563/891 966/3564/891
f 969/3565/892 995/3566/892 993/3567/892 967/3568/892
f 939/3569/893 996/3570/893 994/3571/893 968/3572/893
f 941/3573/894 997/3574/894 995/3575/894 969/3576/894
f 938/3577/895 998/3578/895 996/3579/895 939/3580/895
f 940/3581/896 999/3582/896 997/3583/896 941/3584/896
f 942/3585/897 1000/3586/897 998/3587/897 938/3588/897
f 943/3589/898 1001/3590/898 999/3591/898 940/3592/898
f 944/3593/899 971/3594/899 983/3595/899 945/3596/899
f 946/3597/900 973/3598/900 1000/3599/900 942/3600/900
f 947/3601/901 975/3602/901 1001/3603/901 943/3604/901
f 982/3605/902 1002/3606/902 1003/3607/902 979/3608/902
f 983/3609/903 1004/3610/903 1005/3611/903 980/3612/903
f 984/3613/904 1006/3614/904 1007/3615/904 981/3616/904
f 985/3617/905 1008/3618/905 1002/3619/905 982/3620/905
f 986/3621/906 1009/3622/906 1006/3623/906 984/3624/906
f 987/3625/907 1010/3626/907 1008/3627/907 985/3628/907
f 988/3629/908 1011/3630/908 1009/3631/908 986/3632/908
f 989/3633/909 1012/3634/909 1010/3635/909 987/3636/909
f 990/3637/910 1013/3638/910 1011/3639/910 988/3640/910
f 991/3641/911 1014/3642/911 1012/3643/911 989/3644/911
f 992/3645/912 1015/3646/912 1013/3647/912 990/3648/912
f 993/3649/913 1016/3650/913 1014/3651/913 991/3652/913
f 994/3653/914 1017/3654/914 1015/3655/914 992/3656/914
f 995/3657/915 1018/3658/915 1016/3659/915 993/3660/915
f 996/3661/916 1019/3662/916 1017/3663/916 994/3664/916
f 997/3665/917 1020/3666/917 1018/3667/917 995/3668/917
f 998/3669/918 1021/3670/918 1019/3671/918 996/3672/918
f 999/3673/919 1022/3674/919 1020/3675/919 997/3676/919
f 1000/3677/920 1023/3678/920 1021/3679/920 998/3680/920
f 1001/3681/921 1024/3682/921 1022/3683/921 999/3684/921
f 971/3685/922 1025/3686/922 1004/3687/922 983/3688/922
f 973/3689/923 1026/3690/923 1023/3691/923 1000/3692/923
f 975/3693/924 1027/3694/924 1024/3695/924 1001/3696/924
f 970/3697/925 1028/3698/925 1025/3699/925 971/3700/925
f 972/3701/926 1029/3702/926 1026/3703/926 973/3704/926
f 974/3705/927 1030/3706/927 1027/3707/927 975/3708/927
f 976/3709/928 1031/3710/928 1028/3711/928 970/3712/928
f 977/3713/929 1032/3714/929 1029/3715/929 972/3716/929
f 978/3717/930 1033/3718/930 1030/3719/930 974/3720/930
f 979/3721/931 1003/3722/931 1031/3723/931 976/3724/931
f 980/3725/932 1005/3726/932 1032/3727/932 977/3728/932
f 981/3729/933 1007/3730/933 1033/3731/933 978/3732/933
f 1012/3733/934 1034/3734/934 1035/3735/934 1010/3736/934
f 1013/3737/935 1036/3738/935 1037/3739/935 1011/3740/935
f 1014/3741/936 1038/3742/936 1034/3743/936 1012/3744/936
f 1015/3745/937 1039/3746/937 1036/3747/937 1013/3748/937
f 1016/3749/938 1040/3750/938 1038/3751/938 1014/3752/938
f 1017/3753/939 1041/3754/939 1039/3755/939 1015/3756/939
f 1018/3757/940 1042/3758/940 1040/3759/940 1016/3760/940
f 1019/3761/941 1043/3762/941 1041/3763/941 1017/3764/941
f 1020/3765/942 1044/3766/942 1042/3767/942 1018/3768/942
f 1021/3769/943 1045/3770/943 1043/3771/943 1019/3772/943
f 1022/3773/944 1046/3774/944 1044/3775/944 1020/3776/944
f 1023/3777/945 1047/3778/945 1045/3779/945 1021/3780/945
f 1024/3781/946 1048/3782/946 1046/3783/946 1022/3784/946
f 1025/3785/947 1049/3786/947 1050/3787/947 1004/3788/947
f 1026/3789/948 1051/3790/948 1047/3791/948 1023/3792/948
f 1027/3793/949 1052/3794/949 1048/3795/949 1024/3796/949
f 1028/3797/950 1053/3798/950 1049/3799/950 1025/3800/950
f 1029/3801/951 1054/3802/951 1051/3803/951 1026/3804/951
f 1030/3805/952 1055/3806/952 1052/3807/952 1027/3808/952
f 1031/3809/953 1056/3810/953 1053/3811/953 1028/3812/953
f 1032/3813/954 1057/3814/954 1054/3815/954 1029/3816/954
f 1033/3817/955 1058/3818/955 1055/3819/955 1030/3820/955
f 1003/3821/956 1059/3822/956 1056/3823/956 1031/3824/956
f 1005/3825/957 1060/3826/957 1057/3827/957 1032/3828/957
f 1007/3829/958 1061/3830/958 1058/3831/958 1033/3832/958
f 1002/3833/959 1062/3834/959 1059/3835/959 1003/3836/959
f 1004/3837/960 1050/3838/960 1060/3839/960 1005/3840/960
f 1006/3841/961 1063/3842/961 1061/3843/961 1007/3844/961
f 1008/3845/962 1064/3846/962 1062/3847/962 1002/3848/962
f 1009/3849/963 1065/3850/963 1063/3851/963 1006/3852/963
f 1010/3853/964 1035/3854/964 1064/3855/964 1008/3856/964
f 1011/3857/965 1037/3858/965 1065/3859/965 1009/3860/965
f 1067/3861/966 1066/3862/966 1042/3863/966 1040/3864/966
f 1069/3865/967 1068/3866/967 1043/3867/967 1041/3868/967
f 1066/3869/968 1070/3870/968 1044/3871/968 1042/3872/968
f 1068/3873/969 1071/3874/969 1045/3875/969 1043/3876/969
f 1046/3877/970 1072/3878/970 1070/3879/970 1044/3880/970
f 1047/3881/971 1073/3882/971 1071/3883/971 1045/3884/971
f 1072/3885/972 1074/3886/972 1048/3887/972 1046/3888/972
f 1049/3889/973 1075/3890/973 1076/3891/973 1050/3892/973
f 1051/3893/974 1077/3894/974 1073/3895/974 1047/3896/974
f 1074/3897/975 1078/3898/975 1052/3899/975 1048/3900/975
f 1053/3901/976 1079/3902/976 1075/3903/976 1049/3904/976
f 1077/3905/977 1080/3906/977 1054/3907/977 1051/3908/977
f 1055/3909/978 1081/3910/978 1078/3911/978 1052/3912/978
f 1079/3913/979 1082/3914/979 1056/3915/979 1053/3916/979
f 1080/3917/980 1083/3918/980 1057/3919/980 1054/3920/980
f 1058/3921/981 1084/3922/981 1081/3923/981 1055/3924/981
f 1082/3925/982 1085/3926/982 1059/3927/982 1056/3928/982
f 1060/3929/983 1086/3930/983 1083/3931/983 1057/3932/983
f 1084/3933/984 1087/3934/984 1061/3935/984 1058/3936/984
f 1062/3937/985 1088/3938/985 1085/3939/985 1059/3940/985
f 1086/3941/986 1076/3942/986 1050/3943/986 1060/3944/986
f 1063/3945/987 1089/3946/987 1087/3947/987 1061/3948/987
f 1064/3949/988 1090/3950/988 1088/3951/988 1062/3952/988
f 1089/3953/989 1091/3954/989 1065/3955/989 1063/3956/989
f 1035/3957/990 1092/3958/990 1090/3959/990 1064/3960/990
f 1091/3961/991 1093/3962/991 1037/3963/991 1065/3964/991
f 1034/3965/992 1094/3966/992 1092/3967/992 1035/3968/992
f 1036/3969/993 1095/3970/993 1093/3971/993 1037/3972/993
f 1094/3973/994 1096/3974/994 1038/3975/994 1034/3976/994
f 1095/3977/995 1097/3978/995 1039/3979/995 1036/3980/995
f 1040/3981/996 1067/3982/996 1096/3983/996 1038/3984/996
f 1097/3985/997 1069/3986/997 1041/3987/997 1039/3988/997
f 747/3989/998 1098/3990/998 1099/3991/998 749/3992/998
f 750/3993/999 1100/3994/999 1101/3995/999 751/3996/999
f 748/3997/1000 1102/3998/1000 1103/3999/1000 752/4000/1000
f 749/4001/1001 1099/4002/1001 1104/4003/1001 753/4004/1001
f 751/4005/1002 1101/4006/1002 1105/4007/1002 754/4008/1002
f 752/4009/1003 1103/4010/1003 1106/4011/1003 755/4012/1003
f 753/4013/1004 1104/4014/1004 1107/4015/1004 756/4016/1004
f 754/4017/1005 1105/4018/1005 1108/4019/1005 757/4020/1005
f 755/4021/1006 1106/4022/1006 1109/4023/1006 758/4024/1006
f 756/4025/1007 1107/4026/1007 1110/4027/1007 759/4028/1007
f 757/4029/1008 1108/4030/1008 1111/4031/1008 760/4032/1008
f 758/4033/1009 1109/4034/1009 1112/4035/1009 761/4036/1009
f 759/4037/1010 1110/4038/1010 1113/4039/1010 762/4040/1010
f 760/4041/1011 1111/4042/1011 1114/4043/1011 763/4044/1011
f 761/4045/1012 1112/4046/1012 1100/4047/1012 750/4048/1012
f 762/4049/1013 1113/4050/1013 1115/4051/1013 764/4052/1013
f 763/4053/1014 1114/4054/1014 1116/4055/1014 765/4056/1014
f 764/4057/1015 1115/4058/1015 1117/4059/1015 766/4060/1015
f 765/4061/1016 1116/4062/1016 1118/4063/1016 767/4064/1016
f 766/4065/1017 1117/4066/1017 1119/4067/1017 768/4068/1017
f 767/4069/1018 1118/4070/1018 1120/4071/1018 769/4072/1018
f 768/4073/1019 1119/4074/1019 1121/4075/1019 770/4076/1019
f 769/4077/1020 1120/4078/1020 1122/4079/1020 771/4080/1020
f 770/4081/1021 1121/4082/1021 1123/4083/1021 772/4084/1021
f 771/4085/1022 1122/4086/1022 1124/4087/1022 741/4088/1022
f 772/4089/1023 1123/4090/1023 1125/4091/1023 743/4092/1023
f 741/4093/1024 1124/4094/1024 1126/4095/1024 742/4096/1024
f 743/4097/1025 1125/4098/1025 1127/4099/1025 744/4100/1025
f 742/4101/1026 1126/4102/1026 1128/4103/1026 745/4104/1026
f 744/4105/1027 1127/4106/1027 1129/4107/1027 746/4108/1027
f 745/4109/1028 1128/4110/1028 1098/4111/1028 747/4112/1028
f 746/4113/1029 1129/4114/1029 1102/4115/1029 748/4116/1029
f 1107/4117/1030 1130/4118/1030 1131/4119/1030 1110/4120/1030
f 1108/4121/1031 1132/4122/1031 1133/4123/1031 1111/4124/1031
f 1109/4125/1032 1134/4126/1032 1135/4127/1032 1112/4128/1032
f 1110/4129/1033 1131/4130/1033 1136/4131/1033 1113/4132/1033
f 1111/4133/1034 1133/4134/1034 1137/4135/1034 1114/4136/1034
f 1112/4137/1035 1135/4138/1035 1138/4139/1035 1100/4140/1035
f 1113/4141/1036 1136/4142/1036 1139/4143/1036 1115/4144/1036
f 1114/4145/1037 1137/4146/1037 1140/4147/1037 1116/4148/1037
f 1115/4149/1038 1139/4150/1038 1141/4151/1038 1117/4152/1038
f 1116/4153/1039 1140/4154/1039 1142/4155/1039 1118/4156/1039
f 1117/4157/1040 1141/4158/1040 1143/4159/1040 1119/4160/1040
f 1118/4161/1041 1142/4162/1041 1144/4163/1041 1120/4164/1041
f 1119/4165/1042 1143/4166/1042 1145/4167/1042 1121/4168/1042
f 1120/4169/1043 1144/4170/1043 1146/4171/1043 1122/4172/1043
f 1121/4173/1044 1145/4174/1044 1147/4175/1044 1123/4176/1044
f 1122/4177/1045 1146/4178/1045 1148/4179/1045 1124/4180/1045
f 1123/4181/1046 1147/4182/1046 1149/4183/1046 1125/4184/1046
f 1124/4185/1047 1148/4186/1047 1150/4187/1047 1126/4188/1047
f 1125/4189/1048 1149/4190/1048 1151/4191/1048 1127/4192/1048
f 1126/4193/1049 1150/4194/1049 1152/4195/1049 1128/4196/1049
f 1127/4197/1050 1151/4198/1050 1153/4199/1050 1129/4200/1050
f 1128/4201/1051 1152/4202/1051 1154/4203/1051 1098/4204/1051
f 1129/4205/1052 1153/4206/1052 1155/4207/1052 1102/4208/1052
f 1098/4209/1053 1154/4210/1053 1156/4211/1053 1099/4212/1053
f 1100/4213/1054 1138/4214/1054 1157/4215/1054 1101/4216/1054
f 1102/4217/1055 1155/4218/1055 1158/4219/1055 1103/4220/1055
f 1099/4221/1056 1156/4222/1056 1159/4223/1056 1104/4224/1056
f 1101/4225/1057 1157/4226/1057 1160/4227/1057 1105/4228/1057
f 1103/4229/1058 1158/4230/1058 1161/4231/1058 1106/4232/1058
f 1104/4233/1059 1159/4234/1059 1130/4235/1059 1107/4236/1059
f 1105/4237/1060 1160/4238/1060 1132/4239/1060 1108/4240/1060
f 1106/4241/1061 1161/4242/1061 1134/4243/1061 1109/4244/1061
f 1130/4245/1062 1162/4246/1062 1163/4247/1062 1131/4248/1062
f 835/4249/1063 1164/4250/1063 1165/4251/1063 844/4252/1063
f 839/4253/1064 1166/4254/1064 1167/4255/1064 840/4256/1064
f 1168/4257/1065 1169/4258/1065 1170/4259/1065 1171/4260/1065
f 829/4261/1066 1168/4262/1066 1171/4263/1066 830/4264/1066
f 844/4265/1067 835/4266/1067 801/4267/1067 799/4268/1067
f 841/4269/1068 840/4270/1068 1172/4271/1068 850/4272/1068
f 797/4273/1069 845/4274/1069 1173/4275/1069 795/4276/1069
f 830/4277/1070 1171/4278/1070 839/4279/1070 838/4280/1070
f 1169/4281/1071 1174/4282/1071 1175/4283/1071 1170/4284/1071
f 1165/4285/1072 1176/4286/1072 1177/4287/1072 1178/4288/1072
f 1170/4289/1073 1175/4290/1073 1179/4291/1073 1166/4292/1073
f 845/4293/1074 1178/4294/1074 1180/4295/1074 1173/4296/1074
f 834/4297/1075 1181/4298/1075 1164/4299/1075 835/4300/1075
f 840/4301/1076 1167/4302/1076 1182/4303/1076 1172/4304/1076
f 1171/4305/1077 1170/4306/1077 1166/4307/1077 839/4308/1077
f 844/4309/1078 1165/4310/1078 1178/4311/1078 845/4312/1078
f 1183/4313/1079 1179/4314/1079 1175/4315/1079 1174/4316/1079
f 1184/4317/1080 1185/4318/1080 1179/4319/1080 1183/4320/1080
f 1186/4321/1081 1187/4322/1081 1185/4323/1081 1184/4324/1081
f 1166/4325/1082 1179/4326/1082 1185/4327/1082 1167/4328/1082
f 1164/4329/1083 1188/4330/1083 1176/4331/1083 1165/4332/1083
f 1178/4333/1084 1177/4334/1084 1189/4335/1084 1180/4336/1084
f 1181/4337/1085 1190/4338/1085 1188/4339/1085 1164/4340/1085
f 1167/4341/1086 1185/4342/1086 1187/4343/1086 1182/4344/1086
f 1191/4345/1087 1192/4346/1087 1193/4347/1087 1194/4348/1087
f 1132/4349/1088 1195/4350/1088 1196/4351/1088 1133/4352/1088
f 1134/4353/1089 1197/4354/1089 1198/4355/1089 1135/4356/1089
f 1131/4357/1090 1163/4358/1090 1199/4359/1090 1136/4360/1090
f 1133/4361/1091 1196/4362/1091 1200/4363/1091 1137/4364/1091
f 1135/4365/1092 1198/4366/1092 1201/4367/1092 1138/4368/1092
f 1136/4369/1093 1199/4370/1093 1202/4371/1093 1139/4372/1093
f 1137/4373/1094 1200/4374/1094 1203/4375/1094 1140/4376/1094
f 1139/4377/1095 1202/4378/1095 1204/4379/1095 1141/4380/1095
f 1140/4381/1096 1203/4382/1096 1205/4383/1096 1142/4384/1096
f 1141/4385/1097 1204/4386/1097 1206/4387/1097 1143/4388/1097
f 1142/4389/1098 1205/4390/1098 1207/4391/1098 1144/4392/1098
f 1143/4393/1099 1206/4394/1099 1208/4395/1099 1145/4396/1099
f 1144/4397/1100 1207/4398/1100 1209/4399/1100 1146/4400/1100
f 1145/4401/1101 1208/4402/1101 1210/4403/1101 1147/4404/1101
f 1146/4405/1102 1209/4406/1102 1211/4407/1102 1148/4408/1102
f 1147/4409/1103 1210/4410/1103 1212/4411/1103 1149/4412/1103
f 1148/4413/1104 1211/4414/1104 1213/4415/1104 1150/4416/1104
f 1149/4417/1105 1212/4418/1105 1191/4419/1105 1151/4420/1105
f 1150/4421/1106 1213/4422/1106 1214/4423/1106 1152/4424/1106
f 1151/4425/1107 1191/4426/1107 1194/4427/1107 1153/4428/1107
f 1152/4429/1108 1214/4430/1108 1215/4431/1108 1154/4432/1108
f 1153/4433/1109 1194/4434/1109 1216/4435/1109 1155/4436/1109
f 1154/4437/1110 1215/4438/1110 1217/4439/1110 1156/4440/1110
f 1138/4441/1111 1201/4442/1111 1218/4443/1111 1157/4444/1111
f 1155/4445/1112 1216/4446/1112 1219/4447/1112 1158/4448/1112
f 1156/4449/1113 1217/4450/1113 1220/4451/1113 1159/4452/1113
f 1157/4453/1114 1218/4454/1114 1221/4455/1114 1160/4456/1114
f 1158/4457/1115 1219/4458/1115 1222/4459/1115 1161/4460/1115
f 1159/4461/1116 1220/4462/1116 1162/4463/1116 1130/4464/1116
f 1160/4465/1117 1221/4466/1117 1195/4467/1117 1132/4468/1117
f 1161/4469/1118 1222/4470/1118 1197/4471/1118 1134/4472/1118
f 1223/4473/1119 1224/4474/1119 1225/4475/1119 1226/4476/1119
f 1214/4477/1120 1227/4478/1120 1228/4479/1120 1215/4480/1120
f 1194/4481/1121 1193/4482/1121 1229/4483/1121 1216/4484/1121
f 1215/4485/1122 1228/4486/1122 1230/4487/1122 1217/4488/1122
f 1201/4489/1123 1224/4490/1123 1223/4491/1123 1218/4492/1123
f 1216/4493/1124 1229/4494/1124 1231/4495/1124 1219/4496/1124
f 1217/4497/1125 1230/4498/1125 1232/4499/1125 1220/4500/1125
f 1218/4501/1126 1223/4502/1126 1233/4503/1126 1221/4504/1126
f 1219/4505/1127 1231/4506/1127 1234/4507/1127 1222/4508/1127
f 1220/4509/1128 1232/4510/1128 1235/4511/1128 1162/4512/1128
f 1221/4513/1129 1233/4514/1129 1236/4515/1129 1195/4516/1129
f 1222/4517/1130 1234/4518/1130 1226/4519/1130 1197/4520/1130
f 1162/4521/1131 1235/4522/1131 1237/4523/1131 1163/4524/1131
f 1195/4525/1132 1236/4526/1132 1238/4527/1132 1196/4528/1132
f 1197/4529/1133 1226/4530/1133 1225/4531/1133 1198/4532/1133
f 1163/4533/1134 1237/4534/1134 1239/4535/1134 1199/4536/1134
f 1196/4537/1135 1238/4538/1135 1240/4539/1135 1200/4540/1135
f 1198/4541/1136 1225/4542/1136 1224/4543/1136 1201/4544/1136
f 1199/4545/1137 1239/4546/1137 1241/4547/1137 1202/4548/1137
f 1200/4549/1138 1240/4550/1138 1242/4551/1138 1203/4552/1138
f 1202/4553/1139 1241/4554/1139 1243/4555/1139 1204/4556/1139
f 1203/4557/1140 1242/4558/1140 1244/4559/1140 1205/4560/1140
f 1204/4561/1141 1243/4562/1141 1245/4563/1141 1206/4564/1141
f 1205/4565/1142 1244/4566/1142 1246/4567/1142 1207/4568/1142
f 1206/4569/1143 1245/4570/1143 1247/4571/1143 1208/4572/1143
f 1207/4573/1144 1246/4574/1144 1248/4575/1144 1209/4576/1144
f 1208/4577/1145 1247/4578/1145 1249/4579/1145 1210/4580/1145
f 1209/4581/1146 1248/4582/1146 1250/4583/1146 1211/4584/1146
f 1210/4585/1147 1249/4586/1147 1251/4587/1147 1212/4588/1147
f 1211/4589/1148 1250/4590/1148 1252/4591/1148 1213/4592/1148
f 1212/4593/1149 1251/4594/1149 1192/4595/1149 1191/4596/1149
f 1213/4597/1150 1252/4598/1150 1227/4599/1150 1214/4600/1150
f 1253/4601/1151 1186/4602/1151 1190/4603/1151 1181/4604/1151
f 1188/4605/1152 1190/4606/1152 1254/4607/1152 1176/4608/1152
f 1176/4609/1153 1254/4610/1153 1255/4611/1153 1177/4612/1153
f 1177/4613/1154 1255/4614/1154 1256/4615/1154 1189/4616/1154
f 1257/4617/1155 1253/4618/1155 1181/4619/1155 834/4620/1155
f 1180/4621/1156 1189/4622/1156 1256/4623/1156 1258/4624/1156
f 795/4625/1157 1173/4626/1157 1259/4627/1157 1260/4628/1157
f 1258/4629/1158 1180/4630/1158 1173/4631/1158 1259/4632/1158
f 786/4633/1159 1261/4634/1159 1262/4635/1159 783/4636/1159
f 785/4637/1160 1263/4638/1160 1264/4639/1160 782/4640/1160
f 784/4641/1161 1265/4642/1161 1266/4643/1161 781/4644/1161
f 783/4645/1162 1262/4646/1162 1267/4647/1162 780/4648/1162
f 782/4649/1163 1264/4650/1163 1268/4651/1163 778/4652/1163
f 781/4653/1164 1266/4654/1164 1269/4655/1164 777/4656/1164
f 780/4657/1165 1267/4658/1165 1270/4659/1165 775/4660/1165
f 778/4661/1166 1268/4662/1166 1271/4663/1166 779/4664/1166
f 777/4665/1167 1269/4666/1167 1272/4667/1167 773/4668/1167
f 775/4669/1168 1270/4670/1168 1273/4671/1168 776/4672/1168
f 773/4673/1169 1272/4674/1169 1274/4675/1169 774/4676/1169
f 776/4677/1170 1273/4678/1170 1275/4679/1170 804/4680/1170
f 774/4681/1171 1274/4682/1171 1276/4683/1171 803/4684/1171
f 804/4685/1172 1275/4686/1172 1277/4687/1172 802/4688/1172
f 803/4689/1173 1276/4690/1173 833/4691/1173 801/4692/1173
f 802/4693/1174 1277/4694/1174 1278/4695/1174 800/4696/1174
f 800/4697/1175 1278/4698/1175 1279/4699/1175 798/4700/1175
f 798/4701/1176 1279/4702/1176 1280/4703/1176 796/4704/1176
f 851/4705/1177 1257/4706/1177 834/4707/1177 833/4708/1177
f 796/4709/1178 1280/4710/1178 1281/4711/1178 794/4712/1178
f 795/4713/1179 1260/4714/1179 1282/4715/1179 793/4716/1179
f 794/4717/1180 1281/4718/1180 1283/4719/1180 792/4720/1180
f 793/4721/1181 1282/4722/1181 1284/4723/1181 791/4724/1181
f 792/4725/1182 1283/4726/1182 1285/4727/1182 790/4728/1182
f 779/4729/1183 1271/4730/1183 1286/4731/1183 789/4732/1183
f 791/4733/1184 1284/4734/1184 1287/4735/1184 788/4736/1184
f 790/4737/1185 1285/4738/1185 1288/4739/1185 787/4740/1185
f 789/4741/1186 1286/4742/1186 1261/4743/1186 786/4744/1186
f 788/4745/1187 1287/4746/1187 1263/4747/1187 785/4748/1187
f 787/4749/1188 1288/4750/1188 1265/4751/1188 784/4752/1188
f 850/4753/1189 1172/4754/1189 1257/4755/1189 851/4756/1189
f 1172/4757/1190 1182/4758/1190 1253/4759/1190 1257/4760/1190
f 1182/4761/1191 1187/4762/1191 1186/4763/1191 1253/4764/1191
f 1190/4765/1192 1186/4766/1192 1184/4767/1192 1254/4768/1192
f 1254/4769/1193 1184/4770/1193 1183/4771/1193 1255/4772/1193
f 1255/4773/1194 1183/4774/1194 1174/4775/1194 1256/4776/1194
f 1258/4777/1195 1256/4778/1195 1174/4779/1195 1169/4780/1195
f 1260/4781/1196 1259/4782/1196 1168/4783/1196 829/4784/1196
f 1259/4785/1197 1258/4786/1197 1169/4787/1197 1168/4788/1197
f 1261/4789/1198 816/4790/1198 872/4791/1198 1262/4792/1198
f 1263/4793/1199 812/4794/1199 870/4795/1199 1264/4796/1199
f 1265/4797/1200 808/4798/1200 868/4799/1200 1266/4800/1200
f 1262/4801/1201 872/4802/1201 866/4803/1201 1267/4804/1201
f 1264/4805/1202 870/4806/1202 864/4807/1202 1268/4808/1202
f 1266/4809/1203 868/4810/1203 862/4811/1203 1269/4812/1203
f 1267/4813/1204 866/4814/1204 860/4815/1204 1270/4816/1204
f 1268/4817/1205 864/4818/1205 821/4819/1205 1271/4820/1205
f 1269/4821/1206 862/4822/1206 858/4823/1206 1272/4824/1206
f 1270/4825/1207 860/4826/1207 856/4827/1207 1273/4828/1207
f 1272/4829/1208 858/4830/1208 854/4831/1208 1274/4832/1208
f 1273/4833/1209 856/4834/1209 852/4835/1209 1275/4836/1209
f 1274/4837/1210 854/4838/1210 848/4839/1210 1276/4840/1210
f 1275/4841/1211 852/4842/1211 846/4843/1211 1277/4844/1211
f 1276/4845/1212 848/4846/1212 851/4847/1212 833/4848/1212
f 1277/4849/1213 846/4850/1213 842/4851/1213 1278/4852/1213
f 1278/4853/1214 842/4854/1214 836/4855/1214 1279/4856/1214
f 1279/4857/1215 836/4858/1215 831/4859/1215 1280/4860/1215
f 1280/4861/1216 831/4862/1216 827/4863/1216 1281/4864/1216
f 1260/4865/1217 829/4866/1217 825/4867/1217 1282/4868/1217
f 1281/4869/1218 827/4870/1218 823/4871/1218 1283/4872/1218
f 1282/4873/1219 825/4874/1219 819/4875/1219 1284/4876/1219
f 1283/4877/1220 823/4878/1220 817/4879/1220 1285/4880/1220
f 1271/4881/1221 821/4882/1221 813/4883/1221 1286/4884/1221
f 1284/4885/1222 819/4886/1222 809/4887/1222 1287/4888/1222
f 1285/4889/1223 817/4890/1223 805/4891/1223 1288/4892/1223
f 1286/4893/1224 813/4894/1224 816/4895/1224 1261/4896/1224
f 1287/4897/1225 809/4898/1225 812/4899/1225 1263/4900/1225
f 1288/4901/1226 805/4902/1226 808/4903/1226 1265/4904/1226
o Tail_Cube.002
v 0.11827399999999999 1.9706510000000002 -5.023837
v -0.04167 5.4392309999999995 -6.21694
v -0.12514799999999998 5.437526 -6.174508
v -0.0060059999999999975 1.9849800000000002 -5.142169
v -0.115802 4.956573000000001 -6.174682
v -0.007313 1.994358 -5.28948
v -0.049826 5.467116000000001 -7.163979
v -0.04128 5.436102999999999 -6.173419
v 0.043089 5.372864999999999 -6.166505
v 0.101821 5.328098000000001 -6.93264
v -0.049866 5.470692 -7.165479
v -0.099074 4.983974 -7.024374
v -0.051069 5.473345 -7.306486
v 0.10497799999999999 2.17922 -7.375121
v -0.025757000000000002 2.18785 -7.310951
v 0.24570599999999998 2.0108129999999997 -5.316045
v 0.268898 2.0098390000000004 -6.728705
v 0.17503 1.9642749999999998 -5.132884
v 0.21097300000000002 2.0231450000000004 -6.958579
v -0.020832000000000003 2.0451119999999996 -6.854904
v -0.128048 1.96875 -5.021771
v 0.04252499999999999 5.43882 -6.175914
v 0.0406 4.957781000000001 -6.175994
v -0.195409 5.325806 -6.930147
v -0.12453700000000001 5.3715720000000005 -6.165099
v 0.009205000000000005 4.984809 -7.025282
v -0.157401 2.1771960000000004 -7.37292
v -0.26096600000000003 2.0069039999999996 -5.311796
v -0.307826 2.005389 -6.723868
v -0.186519 1.9614849999999997 -5.129852
v -0.253975 2.019558 -6.95468
vt 0 1
vt 0 1
vt 0 1
vt 0 1
vt 0 1
vt 0 1
vt 0 1
vt 0 1
vt 0 1
vt 0 1
vt 0 1
vt 0 1
vt 0 1
vt 0 1
vt 0 1
vt 0 1
vt 0 1
vt 0 1
vt 0 1
vt 0 1
vt 0 1
vt 0 1
vt 0 1
vt 0 1
vt 0 1
vt 0 1
vt 0 1
vt 0 1
vt 0 1
vt 0 1
vt 0 1
vt 0 1
vt 0 1
vt 0 1
vt 0 1
vt 0 1
vt 0 1
vt 0 1
vt 0 1
vt 0 1
vt 0 1
vt 0 1
vt 0 1
vt 0 1
vt 0 1
vt 0 1
vt 0 1
vt 0 1
vt 0 1
vt 0 1
vt 0 1
vt 0 1
vt 0 1
vt 0 1
vt 0 1
vt 0 1
vt 0 1
vt 0 1
vt 0 1
vt 0 1
vt 0 1
vt 0 1
vt 0 1
vt 0 1
vt 0 1
vt 0 1
vt 0 1
vt 0 1
vt 0 1
vt 0 1
vt 0 1
vt 0 1
vt 0 1
vt 0 1
vt 0 1
vt 0 1
vt 0 1
vt 0 1
vt 0 1
vt 0 1
vt 0 1
vt 0 1
vt 0 1
vt 0 1
vt 0 1
vt 0 1
vt 0 1
vt 0 1
vt 0 1
vt 0 1
vt 0 1
vt 0 1
vt 0 1
vt 0 1
vt 0 1
vt 0 1
vn 0.4254592937682192 0.3118430307191687 0.849551830989806
vn -0.9985459639528469 -0.019422189772398506 0.05028654310970992
vn 0.5986008331195408 0.8008000588042599 0.01990749626863402
vn -0.9941769407478295 0.07938752248577993 -0.07286859240342526
vn -0.4407380793455959 -0.0021756327124912286 -0.8976331166111551
vn 0.9985501749227479 0.05128314444156927 0.016358094569197373
vn 0.9030796893303238 0.17395150031414652 0.39266773518778364
vn 0.8446303580985692 0.03208958365206124 -0.534387328441946
vn -0.9994019832871531 -0.027793577191285647 -0.020571652063389904
vn -0.9999350924161127 -0.007714979917808198 0.008383915532042183
vn 0.9725178566835269 0.06023183896347369 -0.22490252112139084
vn 0.9981384130667478 0.06081770258429855 -0.004573337180035917
vn 0.6738249065158353 0.2031605078234247 0.7104124178390002
vn -0.9997650547630749 0.019183229995520582 0.010091529196552365
vn -0.6803246820503156 0.7326594569658346 0.01919497620903689
vn 0.9993047825733145 -0.003992807851858761 -0.037067627541551566
vn 0.9999350761356653 0.007715062466924139 -0.008385781102118744
vn -0.9941142145967428 0.06271265339666136 0.0883405424516484
vn -0.09616700071190183 0.2483473732642026 0.9638856208943299
vn -0.9739280065444267 0.018929357148209817 -0.22606617948369698
vn 0.9997780214605393 -0.018931055026731078 -0.009247862457041496
vn 0.8675795163472001 -0.03760442682498144 -0.49587467156321186
vn -0.9994354604306646 0.032037327429746215 0.010117810282127836
vn -0.8702362092486591 0.1796330553845402 0.4587165851871272
usemtl none
f 1289/4905/1227 1290/4906/1227 1291/4907/1227 1292/4908/1227
f 1292/4909/1228 1291/4910/1228 1293/4911/1228 1294/4912/1228
f 1295/4913/1229 1296/4914/1229 1297/4915/1229 1298/4916/1229
f 1291/4917/1230 1299/4918/1230 1300/4919/1230 1293/4920/1230
f 1301/4921/1231 1302/4922/1231 1303/4923/1231 1299/4924/1231
f 1304/4925/1232 1305/4926/1232 1298/4927/1232 1297/4928/1232
f 1296/4929/1233 1306/4930/1233 1304/4931/1233 1297/4932/1233
f 1307/4933/1234 1295/4934/1234 1298/4935/1234 1305/4936/1234
f 1293/4937/1235 1300/4938/1235 1308/4939/1235 1294/4940/1235
f 1299/4941/1236 1303/4942/1236 1308/4943/1236 1300/4944/1236
f 1295/4945/1237 1307/4946/1237 1302/4947/1237 1301/4948/1237
f 1306/4949/1238 1290/4950/1238 1296/4951/1238 1289/4952/1238
f 1309/4953/1239 1292/4954/1239 1310/4955/1239 1290/4956/1239
f 1311/4957/1240 1294/4958/1240 1292/4959/1240 1310/4960/1240
f 1295/4961/1241 1312/4962/1241 1313/4963/1241 1296/4964/1241
f 1310/4965/1242 1311/4966/1242 1314/4967/1242 1299/4968/1242
f 1301/4969/1243 1299/4970/1243 1303/4971/1243 1315/4972/1243
f 1316/4973/1244 1313/4974/1244 1312/4975/1244 1317/4976/1244
f 1296/4977/1245 1313/4978/1245 1316/4979/1245 1318/4980/1245
f 1319/4981/1246 1317/4982/1246 1312/4983/1246 1295/4984/1246
f 1311/4985/1247 1294/4986/1247 1308/4987/1247 1314/4988/1247
f 1299/4989/1248 1314/4990/1248 1308/4991/1248 1303/4992/1248
f 1295/4993/1249 1301/4994/1249 1315/4995/1249 1319/4996/1249
f 1290/4997/1250 1318/4998/1250 1309/4999/1250 1296/5000/1250
o Wings_Cube.001
v -7.034039 1.134754 -0.345081
v -6.994615 1.075533 -1.579763
v -7.034931 1.1263449999999997 -1.300041
v -7.034931 1.1263449999999997 -0.301988
v -2.639019 0.6996739999999999 -0.612549
v -1.795523 0.6637430000000002 -0.538731
v -1.802465 0.50488 -0.170094
v -2.408955 0.5774020000000002 -0.271581
v -1.068293 0.8944020000000004 -0.605162
v -1.67626 0.8722820000000002 -0.153924
v -1.257999 0.9423180000000002 0.009244
v -1.008834 0.8708629999999999 -0.472528
v -4.363805 0.9220139999999999 1.394562
v -4.369943 0.8642269999999996 1.279607
v -6.659544 1.0673649999999997 -0.223366
v -4.37376 0.8425440000000002 1.133181
v -7.033145 1.1431639999999996 -1.300041
v -7.033145 1.1431639999999996 -0.301988
v -6.98953 1.2996720000000002 -0.303998
v -6.936082 1.1599110000000001 -1.106211
v -0.596437 0.5513430000000001 -0.7412
v -0.578031 0.5294280000000002 2.457729
v -0.383772 0.2099650000000004 1.877533
v -0.396595 0.1548639999999999 -0.304889
v -1.049804 0.7718319999999999 2.527232
v -1.681707 0.8925400000000003 2.51512
v -1.611391 0.8366930000000004 2.586745
v -1.139397 0.7465320000000002 2.595791
v -1.75307 0.5532389999999996 1.910794
v -1.687805 0.874784 0.061392
v -1.74474 0.9118899999999996 2.084172
v -6.659544 1.0673649999999997 -1.079405
v -2.576296 0.7933859999999999 2.304408
v -2.598702 0.6657909999999996 2.101159
v -4.532002 0.8348509999999996 -1.00273
v -4.471894 0.8186960000000001 -0.920142
v -4.391357 1.0583609999999997 1.080048
v -4.358053 1.0661180000000003 -0.30524
v -2.60736 0.968267 1.756895
v -2.55438 0.9756280000000004 -0.060851
v -4.357668 0.9798020000000003 1.279607
v -2.55022 0.9073260000000003 -0.05022
v -4.357668 0.9798020000000003 -0.559719
v -2.553891 0.9209810000000003 2.112426
v -2.854552 0.6723439999999998 1.837833
v -2.539726 0.6094249999999999 0.32937
v -2.019534 0.5472219999999997 0.416416
v -2.119966 0.5900460000000001 2.178555
v -4.37376 0.8425440000000002 -0.444424
v -1.607823 0.8412629999999996 2.490399
v -1.135828 0.7511010000000002 2.499446
v -1.15794 0.647697 2.590672
v -1.711978 0.7311899999999998 2.744347
v -1.656613 0.595656 2.574259
v -1.634002 0.7161749999999998 2.580502
v -1.176483 0.5488629999999999 2.585552
v -1.630434 0.7207439999999998 2.484157
v -1.653045 0.600225 2.477914
v -1.172914 0.5534319999999999 2.489207
v -1.154371 0.6522670000000002 2.494327
v -1.245024 0.9471670000000003 2.592881
v -1.088855 0.8487809999999998 2.60478
v -0.695304 1.3915240000000004 -4.852166
v -3.529125 1.9677850000000001 -6.376716
v -3.539298 1.9568729999999999 -6.346095
v -0.689488 1.373519 -4.955005
v -3.11439 1.8815470000000003 -6.265596
v -0.670082 1.3811989999999996 -5.072447
v -3.35096 2.105091 -7.102194
v -3.534828 1.9667510000000004 -6.34166
v -3.460667 2.0568410000000004 -6.299357
v -3.251223 2.1810780000000003 -6.868338
v -3.355429 2.095213 -7.106629
v -2.956685 2.000202 -6.917913
v -3.326883 2.119949 -7.21325
v -0.38409 1.7027469999999996 -6.689682
v -0.412135 1.6592659999999997 -6.652461
v -0.651235 1.5184759999999997 -5.059853
v -0.348707 1.704784 -6.137546
v -0.658764 1.4413970000000003 -4.924523
v -0.31991 1.6963460000000001 -6.326124
v -0.379443 1.5998710000000003 -6.274611
v 7.185417 1.134754 -0.345081
v 7.186308 1.1263449999999997 -0.301988
v 7.186308 1.1263449999999997 -1.300041
v 7.145993 1.075533 -1.579763
v 2.790397 0.6996739999999999 -0.612549
v 2.560333 0.5774020000000002 -0.271581
v 1.953843 0.50488 -0.170094
v 1.946901 0.6637430000000002 -0.538731
v 1.219671 0.8944020000000004 -0.605162
v 1.160212 0.8708629999999999 -0.472528
v 1.409377 0.9423180000000002 0.009244
v 1.827638 0.8722820000000002 -0.153924
v 4.515183 0.9220139999999999 1.394562
v 4.52132 0.8642269999999996 1.279607
v 4.525138 0.8425440000000002 1.133181
v 6.810922 1.0673649999999997 -0.223366
v 7.184523 1.1431639999999996 -1.300041
v 7.08746 1.1599110000000001 -1.106211
v 7.140908 1.2996720000000002 -0.303998
v 7.184523 1.1431639999999996 -0.301988
v 0.747815 0.5513430000000001 -0.7412
v 0.547973 0.1548639999999999 -0.304889
v 0.53515 0.2099650000000004 1.877533
v 0.729409 0.5294280000000002 2.457729
v 1.201182 0.7718319999999999 2.527232
v 1.290775 0.7465320000000002 2.595791
v 1.762769 0.8366930000000004 2.586745
v 1.833084 0.8925400000000003 2.51512
v 1.904448 0.5532389999999996 1.910794
v 1.896118 0.9118899999999996 2.084172
v 1.839183 0.874784 0.061392
v 6.810922 1.0673649999999997 -1.079405
v 2.727674 0.7933859999999999 2.304408
v 2.75008 0.6657909999999996 2.101159
v 4.623271 0.8186960000000001 -0.920142
v 4.68338 0.8348509999999996 -1.00273
v 4.542735 1.0583609999999997 1.080048
v 4.509431 1.0661180000000003 -0.30524
v 2.758738 0.968267 1.756895
v 2.705759 0.9756280000000004 -0.060851
v 4.509046 0.9798020000000003 1.279607
v 2.701598 0.9073260000000003 -0.05022
v 4.509046 0.9798020000000003 -0.559719
v 2.705269 0.9209810000000003 2.112426
v 3.00593 0.6723439999999998 1.837833
v 2.271344 0.5900460000000001 2.178555
v 2.170913 0.5472219999999997 0.416416
v 2.691104 0.6094249999999999 0.32937
v 4.525138 0.8425440000000002 -0.444424
v 1.287206 0.7511010000000002 2.499446
v 1.759201 0.8412629999999996 2.490399
v 1.309317 0.647697 2.590672
v 1.863356 0.7311899999999998 2.744347
v 1.78538 0.7161749999999998 2.580502
v 1.807991 0.595656 2.574259
v 1.32786 0.5488629999999999 2.585552
v 1.781812 0.7207439999999998 2.484157
v 1.305749 0.6522670000000002 2.494327
v 1.324292 0.5534319999999999 2.489207
v 1.804423 0.600225 2.477914
v 1.240233 0.8487809999999998 2.60478
v 1.396402 0.9471670000000003 2.592881
v 0.846682 1.3915240000000004 -4.852166
v 0.840866 1.373519 -4.955005
v 3.690676 1.9568729999999999 -6.346095
v 3.680504 1.9677850000000001 -6.376716
v 0.82146 1.3811989999999996 -5.072447
v 3.265768 1.8815470000000003 -6.265596
v 3.502338 2.105091 -7.102194
v 3.402601 2.1810780000000003 -6.868338
v 3.612046 2.0568410000000004 -6.299357
v 3.686207 1.9667510000000004 -6.34166
v 3.108063 2.000202 -6.917913
v 3.506808 2.095213 -7.106629
v 3.478261 2.119949 -7.21325
v 0.563513 1.6592659999999997 -6.652461
v 0.535468 1.7027469999999996 -6.689682
v 0.802613 1.5184759999999997 -5.059853
v 0.500085 1.704784 -6.137546
v 0.810142 1.4413970000000003 -4.924523
v 0.47128800000000004 1.6963460000000001 -6.326124
v 0.530821 1.5998710000000003 -6.274611
vt 0 1
vt 0 1
vt 0 1
vt 0 1
vt 0 1
vt 0 1
vt 0 1
vt 0 1
vt 0 1
vt 0 1
vt 0 1
vt 0 1
vt 0 1
vt 0 1
vt 0 1
vt 0 1
vt 0 1
vt 0 1
vt 0 1
vt 0 1
vt 0 1
vt 0 1
vt 0 1
vt 0 1
vt 0 1
vt 0 1
vt 0 1
vt 0 1
vt 0 1
vt 0 1
vt 0 1
vt 0 1
vt 0 1
vt 0 1
vt 0 1
vt 0 1
vt 0 1
vt 0 1
vt 0 1
vt 0 1
vt 0 1
vt 0 1
vt 0 1
vt 0 1
vt 0 1
vt 0 1
vt 0 1
vt 0 1
vt 0 1
vt 0 1
vt 0 1
vt 0 1
vt 0 1
vt 0 1
vt 0 1
vt 0 1
vt 0 1
vt 0 1
vt 0 1
vt 0 1
vt 0 1
vt 0 1
vt 0 1
vt 0 1
vt 0 1
vt 0 1
vt 0 1
vt 0 1
vt 0 1
vt 0 1
vt 0 1
vt 0 1
vt 0 1
vt 0 1
vt 0 1
vt 0 1
vt 0 1
vt 0 1
vt 0 1
vt 0 1
vt 0 1
vt 0 1
vt 0 1
vt 0 1
vt 0 1
vt 0 1
vt 0 1
vt 0 1
vt 0 1
vt 0 1
vt 0 1
vt 0 1
vt 0 1
vt 0 1
vt 0 1
vt 0 1
vt 0 1
vt 0 1
vt 0 1
vt 0 1
vt 0 1
vt 0 1
vt 0 1
vt 0 1
vt 0 1
vt 0 1
vt 0 1
vt 0 1
vt 0 1
vt 0 1
vt 0 1
vt 0 1
vt 0 1
vt 0 1
vt 0 1
vt 0 1
vt 0 1
vt 0 1
vt 0 1
vt 0 1
vt 0 1
vt 0 1
vt 0 1
vt 0 1
vt 0 1
vt 0 1
vt 0 1
vt 0 1
vt 0 1
vt 0 1
vt 0 1
vt 0 1
vt 0 1
vt 0 1
vt 0 1
vt 0 1
vt 0 1
vt 0 1
vt 0 1
vt 0 1
vt 0 1
vt 0 1
vt 0 1
vt 0 1
vt 0 1
vt 0 1
vt 0 1
vt 0 1
vt 0 1
vt 0 1
vt 0 1
vt 0 1
vt 0 1
vt 0 1
vt 0 1
vt 0 1
vt 0 1
vt 0 1
vt 0 1
vt 0 1
vt 0 1
vt 0 1
vt 0 1
vt 0 1
vt 0 1
vt 0 1
vt 0 1
vt 0 1
vt 0 1
vt 0 1
vt 0 1
vt 0 1
vt 0 1
vt 0 1
vt 0 1
vt 0 1
vt 0 1
vt 0 1
vt 0 1
vt 0 1
vt 0 1
vt 0 1
vt 0 1
vt 0 1
vt 0 1
vt 0 1
vt 0 1
vt 0 1
vt 0 1
vt 0 1
vt 0 1
vt 0 1
vt 0 1
vt 0 1
vt 0 1
vt 0 1
vt 0 1
vt 0 1
vt 0 1
vt 0 1
vt 0 1
vt 0 1
vt 0 1
vt 0 1
vt 0 1
vt 0 1
vt 0 1
vt 0 1
vt 0 1
vt 0 1
vt 0 1
vt 0 1
vt 0 1
vt 0 1
vt 0 1
vt 0 1
vt 0 1
vt 0 1
vt 0 1
vt 0 1
vt 0 1
vt 0 1
vt 0 1
vt 0 1
vt 0 1
vt 0 1
vt 0 1
vt 0 1
vt 0 1
vt 0 1
vt 0 1
vt 0 1
vt 0 1
vt 0 1
vt 0 1
vt 0 1
vt 0 1
vt 0 1
vt 0 1
vt 0 1
vt 0 1
vt 0 1
vt 0 1
vt 0 1
vt 0 1
vt 0 1
vt 0 1
vt 0 1
vt 0 1
vt 0 1
vt 0 1
vt 0 1
vt 0 1
vt 0 1
vt 0 1
vt 0 1
vt 0 1
vt 0 1
vt 0 1
vt 0 1
vt 0 1
vt 0 1
vt 0 1
vt 0 1
vt 0 1
vt 0 1
vt 0 1
vt 0 1
vt 0 1
vt 0 1
vt 0 1
vt 0 1
vt 0 1
vt 0 1
vt 0 1
vt 0 1
vt 0 1
vt 0 1
vt 0 1
vt 0 1
vt 0 1
vt 0 1
vt 0 1
vt 0 1
vt 0 1
vt 0 1
vt 0 1
vt 0 1
vt 0 1
vt 0 1
vt 0 1
vt 0 1
vt 0 1
vt 0 1
vt 0 1
vt 0 1
vt 0 1
vt 0 1
vt 0 1
vt 0 1
vt 0 1
vt 0 1
vt 0 1
vt 0 1
vt 0 1
vt 0 1
vt 0 1
vt 0 1
vt 0 1
vt 0 1
vt 0 1
vt 0 1
vt 0 1
vt 0 1
vt 0 1
vt 0 1
vt 0 1
vt 0 1
vt 0 1
vt 0 1
vt 0 1
vt 0 1
vt 0 1
vt 0 1
vt 0 1
vt 0 1
vt 0 1
vt 0 1
vt 0 1
vt 0 1
vt 0 1
vt 0 1
vt 0 1
vt 0 1
vt 0 1
vt 0 1
vt 0 1
vt 0 1
vt 0 1
vt 0 1
vt 0 1
vt 0 1
vt 0 1
vt 0 1
vt 0 1
vt 0 1
vt 0 1
vt 0 1
vt 0 1
vt 0 1
vt 0 1
vt 0 1
vt 0 1
vt 0 1
vt 0 1
vt 0 1
vt 0 1
vt 0 1
vt 0 1
vt 0 1
vt 0 1
vt 0 1
vt 0 1
vt 0 1
vt 0 1
vt 0 1
vt 0 1
vt 0 1
vt 0 1
vt 0 1
vt 0 1
vt 0 1
vt 0 1
vt 0 1
vt 0 1
vt 0 1
vt 0 1
vt 0 1
vt 0 1
vt 0 1
vt 0 1
vt 0 1
vt 0 1
vt 0 1
vt 0 1
vt 0 1
vt 0 1
vt 0 1
vt 0 1
vt 0 1
vt 0 1
vt 0 1
vt 0 1
vt 0 1
vt 0 1
vt 0 1
vt 0 1
vt 0 1
vt 0 1
vt 0 1
vt 0 1
vt 0 1
vt 0 1
vt 0 1
vt 0 1
vt 0 1
vt 0 1
vt 0 1
vt 0 1
vt 0 1
vt 0 1
vt 0 1
vt 0 1
vt 0 1
vt 0 1
vt 0 1
vt 0 1
vt 0 1
vt 0 1
vt 0 1
vt 0 1
vt 0 1
vt 0 1
vt 0 1
vt 0 1
vt 0 1
vt 0 1
vt 0 1
vt 0 1
vt 0 1
vt 0 1
vt 0 1
vt 0 1
vt 0 1
vt 0 1
vt 0 1
vt 0 1
vt 0 1
vt 0 1
vt 0 1
vt 0 1
vt 0 1
vt 0 1
vt 0 1
vt 0 1
vt 0 1
vt 0 1
vt 0 1
vt 0 1
vt 0 1
vt 0 1
vt 0 1
vt 0 1
vt 0 1
vt 0 1
vt 0 1
vt 0 1
vt 0 1
vt 0 1
vt 0 1
vt 0 1
vt 0 1
vt 0 1
vt 0 1
vt 0 1
vt 0 1
vt 0 1
vt 0 1
vt 0 1
vt 0 1
vt 0 1
vt 0 1
vt 0 1
vt 0 1
vt 0 1
vt 0 1
vt 0 1
vt 0 1
vt 0 1
vt 0 1
vt 0 1
vt 0 1
vt 0 1
vt 0 1
vt 0 1
vt 0 1
vt 0 1
vt 0 1
vt 0 1
vt 0 1
vt 0 1
vt 0 1
vt 0 1
vt 0 1
vt 0 1
vt 0 1
vt 0 1
vt 0 1
vt 0 1
vt 0 1
vt 0 1
vt 0 1
vt 0 1
vt 0 1
vt 0 1
vt 0 1
vt 0 1
vt 0 1
vt 0 1
vt 0 1
vt 0 1
vt 0 1
vt 0 1
vt 0 1
vt 0 1
vt 0 1
vt 0 1
vt 0 1
vt 0 1
vt 0 1
vt 0 1
vt 0 1
vt 0 1
vt 0 1
vt 0 1
vt 0 1
vt 0 1
vt 0 1
vt 0 1
vt 0 1
vt 0 1
vt 0 1
vt 0 1
vt 0 1
vt 0 1
vt 0 1
vt 0 1
vt 0 1
vt 0 1
vt 0 1
vt 0 1
vt 0 1
vt 0 1
vt 0 1
vt 0 1
vt 0 1
vt 0 1
vt 0 1
vt 0 1
vt 0 1
vt 0 1
vt 0 1
vt 0 1
vt 0 1
vt 0 1
vt 0 1
vt 0 1
vt 0 1
vt 0 1
vt 0 1
vt 0 1
vt 0 1
vt 0 1
vt 0 1
vt 0 1
vt 0 1
vt 0 1
vt 0 1
vt 0 1
vt 0 1
vt 0 1
vt 0 1
vt 0 1
vt 0 1
vt 0 1
vt 0 1
vn -0.7659683812214338 -0.6428466255978359 0.006376121586979761
vn -0.004477361094870697 -0.9183134436095761 -0.3958287161431676
vn -0.12059405938296457 0.9861182228230444 -0.11413992928795216
vn -0.04592068324884921 0.9806308506845848 0.19040594931773144
vn -0.1838033448543389 -0.9716541004038297 0.14867629128002016
vn -0.9632944810373326 0.2684469087231521 0
vn 0.8533504182065671 0.5213360453966204 -0.00133847558437315
vn -0.3111603548650703 0.8726151679416082 -0.37645982818686313
vn 0.15185881835970824 0.8462238774544664 0.5107289383932746
vn -0.23894684780876124 -0.9706222412780631 0.02822886215571392
vn 0.0778972650471506 0.9969338701783632 -0.007407738478407086
vn -0.15521372942223466 -0.9878809129641293 0
vn -0.28637984743976025 -0.8498180621037577 0.44248824199360814
vn -0.06175924641750389 -0.9870383301994041 -0.1481253867475605
vn 0.034364082532148524 0.9993887452015694 0.006422289012234234
vn 0.04936496347928811 0.9987657551487875 0.005483313118985432
vn -0.17279769731002806 0.9062080413732515 0.3859118313226575
vn 0.12742570108260193 0.939345841317175 -0.31842123218110974
vn 0.012725221636726378 0.9989942614776589 0.04299458418223137
vn 0.09727323415240849 0.9862066019169567 -0.13391958875735982
vn -0.12136608194617617 -0.9924777704832605 0.01606702366995368
vn -0.09788386588448829 -0.9951978440488644 0
vn -0.12299497359312676 -0.9920640382388909 0.026099434935848247
vn -0.12998098110270703 -0.9885709060870296 0.07637085955943768
vn -0.17794242037493938 -0.9727433221121276 0.1486839746488182
vn -0.0816407853346398 -0.9963458949830911 0.025092622825972098
vn 0.1863727364071056 0.9810249177061152 0.053435137913528434
vn 0.39611580741864116 0.5629455483385534 0.7253858123225762
vn -0.8311532606915821 -0.5340098003321477 0.15497674145164683
vn -0.2341209778393163 -0.9526793018035945 0.1938801579599585
vn -0.02801479814384963 -0.0464686929308845 0.9985268307172595
vn 0.982218619641013 -0.18570560705930766 0.027568292243758882
vn -0.09569365206460069 -0.9941193682431486 -0.0506893148344133
vn -0.9822179039494906 0.1857078987817199 -0.027578351856992794
vn -0.9822175842946715 0.1857098914701054 -0.027576317964909478
vn 0.9822183412379194 -0.18570709154101428 0.02756821153444405
vn -0.028014151409166913 -0.04646054960954247 0.9985272277964199
vn 0.8521251827258193 0.3683192985183813 0.37178430212075503
vn -0.07440349366692083 -0.8838776366378086 0.46176232369230674
vn 0.15632473945629366 0.9189065162175148 -0.3621786717725275
vn -0.1720671975434988 0.8837897455767103 0.43509604128626667
vn -0.1514546212208156 -0.9067195786011114 -0.3936001822818204
vn 0.46050771171746296 0.8870789649632452 0.03199308313500832
vn 0.17255858833652737 0.9660815511436214 -0.19211967658529813
vn -0.020585950119769186 0.8816670074713382 -0.47142285327951783
vn -0.8688859701676355 -0.49501229363102367 0
vn 0.5332636350776222 0.8459383542593081 -0.004265711764050335
vn 0.2982753854097378 0.9538171368238423 0.03556211410814163
vn -0.12275942802085121 0.9924059399872018 -0.007782872870095217
vn 0.15374307955558486 0.7390270538352911 -0.6558979182679991
vn 0.13908248228856457 0.921628535620088 -0.3622939489575055
vn -0.21463389868737565 0.8247883069855579 0.5231219152302402
vn -0.1126700920915482 -0.9900043172374002 0.08483455781337844
vn -0.12414628506977246 -0.9919273625774118 0.025841967293434846
vn -0.12609272850993541 -0.9920184594133922 0
vn -0.03064315178828668 0.9901928571010904 0.13630518330004912
vn -0.12263778494626934 -0.15992276464396585 -0.979481844166651
vn 0.11765184475908125 0.9929430707965483 -0.014903072901461393
vn -0.3253102832638341 -0.7843101710304624 0.5282336369647155
vn 0.0027377334273883135 -0.9407140082346813 -0.3391897102311929
vn 0.009289611684883781 0.9409557319562586 0.3384021477671289
vn -0.1572319198642597 -0.9834253969911266 -0.09029181540230712
vn -0.7555068903926438 0.652001811414014 -0.06405448057772595
vn -0.1323390852471212 -0.969077211333403 -0.2082683965229251
vn 0.03868886946757299 -0.6641007997452477 -0.7466413457323694
vn 0.10966254018049389 0.9738170087569964 0.19913452924276515
vn -0.08277054314141376 0.8679321919071876 0.489737427035407
vn 0.2194418012034822 0.8964964812924623 -0.38488875654506377
vn -0.10100294901735526 -0.9742399492706655 -0.2016306661569335
vn -0.12326556194630538 -0.9819166966047421 -0.1436843838657922
vn 0.13525768161263618 0.9907895715937182 -0.006433069711375236
vn 0.15357645914665258 0.9866554346074605 0.05408626956575777
vn 0.9944332912667251 0.10536806546780986 0
vn 0.06394934852187151 -0.9523111175569852 -0.29835216808495685
vn -0.31962859762290596 0.9472178242807762 0.02481839935224187
vn 0.34103670982194856 -0.8324679470276484 0.4366818976387647
vn 0.18380352915772918 -0.9716540018279505 0.1486767076609285
vn -0.1509879264849935 0.9755185270736407 -0.15989449456387425
vn -0.8999501969530183 0.4356883628107335 -0.016287833358884316
vn 0.14694040660740748 0.1833360769292404 -0.9720063784781691
vn -0.15185876820159314 0.846224738468207 0.5107275266957024
vn 0.24249477696080615 -0.9698066552484338 0.025910125097626805
vn -0.3408826452181789 0.9400747309364972 -0.007649996322206231
vn 0.15521413293865222 -0.9878808495644111 0
vn 0.3322602958347513 -0.781896951216179 0.5274848372139695
vn -0.14064464877054633 0.9774857740598188 -0.15729158999414594
vn -0.1742948273600448 0.9719794804785662 -0.15772508577949418
vn -0.04788339085492233 0.9988301641885412 0.006744181738846756
vn 0.455604262795653 0.13825960050090524 0.8793799170959954
vn -0.12569581215984924 -0.14509464944205583 -0.9814010930851683
vn -0.01566143372001571 0.9914545371537419 0.12950915122528284
vn -0.13300502215611879 0.9386544832375527 -0.3181782914959682
vn 0.11925415709652297 -0.9927125321221231 0.01732843278778651
vn 0.0978838658844883 -0.9951978440488642 0
vn 0.1229956357301092 -0.9920639508901717 0.026099634777699898
vn 0.044847360270354145 -0.9815117920659295 -0.18607341645788242
vn 0.1779417111781377 -0.9727436600585941 0.14868261242931707
vn 0.1511755939346092 -0.9883868964204865 0.015403985938603364
vn -0.18637446939429028 0.981025003774572 0.05342751282904417
vn -0.20528671673462276 -0.08899323497103767 0.9746474070461116
vn -0.8801211387925358 -0.18771117358612 0.4360634086477005
vn 0.09851698065685022 -0.9920934286521169 0.0777498125241799
vn 0.028015645197313976 -0.046471013202138874 0.9985266989701101
vn -0.9822186196410125 -0.18570560705930952 0.02756829224376104
vn 0.09569348273114761 -0.9941194353445685 -0.05068831850614041
vn 0.9822180061955753 0.18570916617238703 -0.027566173197342753
vn 0.9822182250601598 0.1857077110123531 -0.02756817785457697
vn -0.9822187416224882 -0.18570528756758037 0.027566098290799212
vn 0.02801458974285923 -0.04646160256326411 0.9985271665051445
vn 0.6753088596543146 0.0887705633741657 0.7321732931148353
vn -0.6199990957612116 -0.15615519707704317 0.7689061553148797
vn -0.14449846597642704 0.9661551033321708 -0.21369255868106832
vn 0.20757826399079288 0.8256900994737729 0.524544682510041
vn 0.24816187846831209 -0.7707952694608672 -0.5867625879790124
vn -0.5884541522433843 0.8085277203784902 0.002153157467984673
vn 0.21027260350207413 0.8779433118262909 0.4301173949469419
vn -0.07080190817269827 0.9320449300870866 -0.3553580421181755
vn 0.940521116596502 0.33658263021864143 -0.046175342675181925
vn -0.30177478716888045 0.9532660969197009 0.014687623792035745
vn -0.9019673152910144 0.430987490847481 0.026547031467047275
vn 0.16475791463504968 0.9863335041972192 -0.0010237495512963372
vn 0.15774655468015591 -0.1320372098779094 0.9786123848052394
vn -0.13955955194590136 0.9235777427053404 -0.3571096255213059
vn 0.21769372733001172 0.8114241446332727 0.5424023401381379
vn 0.10686099364510633 -0.9942261011170264 -0.009756428384268385
vn 0.15974798731048473 -0.9837238167273756 0.08226805548676802
vn 0.11891660962543481 -0.9927656337295105 0.01659025137951006
vn 0.09721034025341752 0.9203866018533104 0.3787329572096026
vn -0.11632711231093092 0.9931967947971696 -0.005303748299952707
vn -0.06299472363173764 0.9979965534867327 0.005877416368129577
vn 0.08190608742777762 -0.9738445955062224 0.2119388983777999
vn 0.07102050173601938 -0.9873940127826587 -0.1414537092271635
vn 0.2686103984528192 -0.9512827692209624 0.15135899981935286
vn 0.15723235017804502 -0.983425401143844 -0.09029102083019293
vn 0.5641950077223237 0.825183311180785 -0.027504476179757785
vn 0.1323379110562394 -0.9690776221064937 -0.20826723129118166
vn 0.10380340414866206 -0.9623880327341008 -0.25106598283586096
vn -0.07930832610381502 0.9674210576076744 0.24043021172028253
vn 0.4155594436079523 -0.08322413580919792 0.9057505683393534
vn -0.16648351798007394 0.985867091737299 -0.01868998850771086
vn 0.10100293099013513 -0.9742397418733857 -0.20163167728777406
vn 0.05875285325627431 -0.9359888763550865 -0.3470920995554197
vn -0.11148813215523176 0.9815263810690729 0.15548749034564538
vn 0.11108899788119712 0.8435967985359413 0.5253605200713718
usemtl none
f 1320/5001/1251 1322/5002/1251 1321/5003/1251 1323/5004/1251
f 1324/5005/1252 1325/5006/1252 1326/5007/1252 1327/5008/1252
f 1328/5009/1253 1329/5010/1253 1330/5011/1253 1331/5012/1253
f 1320/5013/1254 1323/5014/1254 1332/5015/1254 1333/5016/1254
f 1333/5017/1255 1323/5018/1255 1334/5019/1255 1335/5020/1255
f 1336/5021/1256 1337/5022/1256 1338/5023/1256 1339/5024/1256
f 1340/5025/1257 1341/5026/1257 1342/5027/1257 1343/5028/1257
f 1325/5029/1258 1329/5030/1258 1328/5031/1258 1340/5032/1258
f 1344/5033/1259 1345/5034/1259 1346/5035/1259 1347/5036/1259
f 1348/5037/1260 1326/5038/1260 1343/5039/1260 1342/5040/1260
f 1345/5041/1261 1329/5042/1261 1349/5043/1261 1350/5044/1261
f 1323/5045/1262 1322/5046/1262 1351/5047/1262 1334/5048/1262
f 1352/5049/1263 1332/5050/1263 1333/5051/1263 1353/5052/1263
f 1321/5053/1264 1354/5054/1264 1355/5055/1264 1322/5056/1264
f 1356/5057/1265 1357/5058/1265 1339/5059/1265 1338/5060/1265
f 1358/5061/1266 1359/5062/1266 1357/5063/1266 1356/5064/1266
f 1337/5065/1267 1360/5066/1267 1356/5067/1267 1338/5068/1267
f 1361/5069/1268 1362/5070/1268 1357/5071/1268 1359/5072/1268
f 1363/5073/1269 1345/5074/1269 1350/5075/1269 1358/5076/1269
f 1362/5077/1270 1336/5078/1270 1339/5079/1270 1357/5080/1270
f 1364/5081/1271 1365/5082/1271 1366/5083/1271 1367/5084/1271
f 1334/5085/1272 1351/5086/1272 1368/5087/1272 1335/5088/1272
f 1327/5089/1273 1326/5090/1273 1366/5091/1273 1365/5092/1273
f 1322/5093/1274 1355/5094/1274 1368/5095/1274 1351/5096/1274
f 1353/5097/1275 1333/5098/1275 1335/5099/1275 1364/5100/1275
f 1326/5101/1276 1348/5102/1276 1367/5103/1276 1366/5104/1276
f 1369/5105/1277 1346/5106/1277 1347/5107/1277 1370/5108/1277
f 1341/5109/1278 1344/5110/1278 1347/5111/1278 1371/5112/1278
f 1372/5113/1279 1348/5114/1279 1373/5115/1279 1374/5116/1279
f 1348/5117/1280 1342/5118/1280 1375/5119/1280 1373/5120/1280
f 1376/5121/1281 1377/5122/1281 1378/5123/1281 1379/5124/1281
f 1374/5125/1282 1373/5126/1282 1377/5127/1282 1376/5128/1282
f 1378/5129/1283 1375/5130/1283 1373/5131/1283 1377/5132/1283
f 1371/5133/1284 1347/5134/1284 1370/5135/1284 1379/5136/1284
f 1375/5137/1285 1371/5138/1285 1379/5139/1285 1378/5140/1285
f 1346/5141/1286 1374/5142/1286 1376/5143/1286 1369/5144/1286
f 1369/5145/1287 1376/5146/1287 1379/5147/1287 1370/5148/1287
f 1345/5149/1288 1372/5150/1288 1374/5151/1288 1346/5152/1288
f 1342/5153/1289 1341/5154/1289 1371/5155/1289 1375/5156/1289
f 1336/5157/1290 1362/5158/1290 1354/5159/1290 1321/5160/1290
f 1363/5161/1291 1360/5162/1291 1332/5163/1291 1352/5164/1291
f 1326/5165/1292 1325/5166/1292 1340/5167/1292 1343/5168/1292
f 1328/5169/1293 1344/5170/1293 1341/5171/1293 1340/5172/1293
f 1360/5173/1294 1320/5174/1294 1337/5175/1294 1332/5176/1294
f 1361/5177/1295 1329/5178/1295 1325/5179/1295 1324/5180/1295
f 1337/5181/1296 1336/5182/1296 1321/5183/1296 1320/5184/1296
f 1330/5185/1297 1380/5186/1297 1381/5187/1297 1331/5188/1297
f 1344/5189/1298 1331/5190/1298 1328/5191/1298 1381/5192/1298
f 1329/5193/1299 1345/5194/1299 1380/5195/1299 1330/5196/1299
f 1381/5197/1300 1344/5198/1300 1345/5199/1300 1380/5200/1300
f 1362/5201/1301 1361/5202/1301 1324/5203/1301 1354/5204/1301
f 1345/5205/1302 1363/5206/1302 1352/5207/1302 1372/5208/1302
f 1353/5209/1303 1364/5210/1303 1348/5211/1303 1367/5212/1303
f 1355/5213/1304 1327/5214/1304 1365/5215/1304 1368/5216/1304
f 1335/5217/1305 1368/5218/1305 1365/5219/1305 1364/5220/1305
f 1360/5221/1306 1363/5222/1306 1358/5223/1306 1356/5224/1306
f 1361/5225/1307 1359/5226/1307 1329/5227/1307 1349/5228/1307
f 1350/5229/1308 1349/5230/1308 1359/5231/1308 1358/5232/1308
f 1372/5233/1309 1352/5234/1309 1353/5235/1309 1348/5236/1309
f 1354/5237/1310 1324/5238/1310 1327/5239/1310 1355/5240/1310
f 1383/5241/1311 1384/5242/1311 1382/5243/1311 1385/5244/1311
f 1385/5245/1312 1384/5246/1312 1386/5247/1312 1387/5248/1312
f 1388/5249/1313 1389/5250/1313 1390/5251/1313 1391/5252/1313
f 1384/5253/1314 1392/5254/1314 1393/5255/1314 1386/5256/1314
f 1394/5257/1315 1395/5258/1315 1396/5259/1315 1392/5260/1315
f 1397/5261/1316 1398/5262/1316 1391/5263/1316 1390/5264/1316
f 1389/5265/1317 1399/5266/1317 1397/5267/1317 1390/5268/1317
f 1400/5269/1318 1388/5270/1318 1391/5271/1318 1398/5272/1318
f 1386/5273/1319 1393/5274/1319 1401/5275/1319 1387/5276/1319
f 1392/5277/1320 1396/5278/1320 1401/5279/1320 1393/5280/1320
f 1388/5281/1321 1400/5282/1321 1395/5283/1321 1394/5284/1321
f 1399/5285/1322 1383/5286/1322 1389/5287/1322 1382/5288/1322
f 1404/5289/1323 1402/5290/1323 1403/5291/1323 1405/5292/1323
f 1406/5293/1324 1407/5294/1324 1408/5295/1324 1409/5296/1324
f 1410/5297/1325 1411/5298/1325 1412/5299/1325 1413/5300/1325
f 1403/5301/1326 1414/5302/1326 1415/5303/1326 1402/5304/1326
f 1415/5305/1327 1416/5306/1327 1417/5307/1327 1403/5308/1327
f 1418/5309/1328 1419/5310/1328 1420/5311/1328 1421/5312/1328
f 1422/5313/1329 1423/5314/1329 1424/5315/1329 1425/5316/1329
f 1409/5317/1330 1422/5318/1330 1410/5319/1330 1413/5320/1330
f 1426/5321/1331 1427/5322/1331 1428/5323/1331 1429/5324/1331
f 1430/5325/1332 1424/5326/1332 1423/5327/1332 1408/5328/1332
f 1429/5329/1333 1431/5330/1333 1432/5331/1333 1413/5332/1333
f 1403/5333/1334 1417/5334/1334 1433/5335/1334 1404/5336/1334
f 1434/5337/1335 1435/5338/1335 1415/5339/1335 1414/5340/1335
f 1436/5341/1336 1404/5342/1336 1405/5343/1336 1437/5344/1336
f 1438/5345/1337 1420/5346/1337 1419/5347/1337 1439/5348/1337
f 1440/5349/1338 1438/5350/1338 1439/5351/1338 1441/5352/1338
f 1421/5353/1339 1420/5354/1339 1438/5355/1339 1442/5356/1339
f 1443/5357/1340 1441/5358/1340 1439/5359/1340 1444/5360/1340
f 1445/5361/1341 1440/5362/1341 1431/5363/1341 1429/5364/1341
f 1444/5365/1342 1439/5366/1342 1419/5367/1342 1418/5368/1342
f 1446/5369/1343 1447/5370/1343 1448/5371/1343 1449/5372/1343
f 1417/5373/1344 1416/5374/1344 1450/5375/1344 1433/5376/1344
f 1407/5377/1345 1449/5378/1345 1448/5379/1345 1408/5380/1345
f 1404/5381/1346 1433/5382/1346 1450/5383/1346 1436/5384/1346
f 1435/5385/1347 1446/5386/1347 1416/5387/1347 1415/5388/1347
f 1408/5389/1348 1448/5390/1348 1447/5391/1348 1430/5392/1348
f 1452/5393/1349 1451/5394/1349 1427/5395/1349 1428/5396/1349
f 1425/5397/1350 1453/5398/1350 1427/5399/1350 1426/5400/1350
f 1456/5401/1351 1454/5402/1351 1455/5403/1351 1430/5404/1351
f 1430/5405/1352 1456/5406/1352 1457/5407/1352 1424/5408/1352
f 1458/5409/1353 1459/5410/1353 1460/5411/1353 1461/5412/1353
f 1455/5413/1354 1458/5414/1354 1461/5415/1354 1456/5416/1354
f 1460/5417/1355 1461/5418/1355 1456/5419/1355 1457/5420/1355
f 1453/5421/1356 1459/5422/1356 1451/5423/1356 1427/5424/1356
f 1457/5425/1357 1460/5426/1357 1459/5427/1357 1453/5428/1357
f 1428/5429/1358 1452/5430/1358 1458/5431/1358 1455/5432/1358
f 1452/5433/1359 1451/5434/1359 1459/5435/1359 1458/5436/1359
f 1455/5437/1360 1429/5438/1360 1428/5439/1360 1454/5440/1360
f 1424/5441/1361 1457/5442/1361 1453/5443/1361 1425/5444/1361
f 1418/5445/1362 1405/5446/1362 1437/5447/1362 1444/5448/1362
f 1445/5449/1363 1434/5450/1363 1414/5451/1363 1442/5452/1363
f 1408/5453/1364 1423/5454/1364 1422/5455/1364 1409/5456/1364
f 1410/5457/1365 1422/5458/1365 1425/5459/1365 1426/5460/1365
f 1402/5461/1366 1442/5462/1366 1414/5463/1366 1421/5464/1366
f 1443/5465/1367 1406/5466/1367 1409/5467/1367 1413/5468/1367
f 1421/5469/1368 1402/5470/1368 1405/5471/1368 1418/5472/1368
f 1412/5473/1369 1411/5474/1369 1462/5475/1369 1463/5476/1369
f 1411/5477/1370 1426/5478/1370 1462/5479/1370 1410/5480/1370
f 1413/5481/1371 1412/5482/1371 1463/5483/1371 1429/5484/1371
f 1429/5485/1372 1463/5486/1372 1462/5487/1372 1426/5488/1372
f 1444/5489/1373 1437/5490/1373 1406/5491/1373 1443/5492/1373
f 1429/5493/1374 1454/5494/1374 1434/5495/1374 1445/5496/1374
f 1447/5497/1375 1430/5498/1375 1446/5499/1375 1435/5500/1375
f 1436/5501/1376 1450/5502/1376 1449/5503/1376 1407/5504/1376
f 1416/5505/1377 1446/5506/1377 1449/5507/1377 1450/5508/1377
f 1442/5509/1378 1438/5510/1378 1440/5511/1378 1445/5512/1378
f 1441/5513/1379 1413/5514/1379 1432/5515/1379 1443/5516/1379
f 1431/5517/1380 1440/5518/1380 1441/5519/1380 1432/5520/1380
f 1454/5521/1381 1430/5522/1381 1435/5523/1381 1434/5524/1381
f 1437/5525/1382 1436/5526/1382 1407/5527/1382 1406/5528/1382
f 1466/5529/1383 1464/5530/1383 1465/5531/1383 1467/5532/1383
f 1465/5533/1384 1468/5534/1384 1469/5535/1384 1466/5536/1384
f 1470/5537/1385 1471/5538/1385 1472/5539/1385 1473/5540/1385
f 1466/5541/1386 1469/5542/1386 1474/5543/1386 1475/5544/1386
f 1476/5545/1387 1475/5546/1387 1477/5547/1387 1478/5548/1387
f 1479/5549/1388 1472/5550/1388 1471/5551/1388 1480/5552/1388
f 1473/5553/1389 1472/5554/1389 1479/5555/1389 1481/5556/1389
f 1482/5557/1390 1480/5558/1390 1471/5559/1390 1470/5560/1390
f 1469/5561/1391 1468/5562/1391 1483/5563/1391 1474/5564/1391
f 1475/5565/1392 1474/5566/1392 1483/5567/1392 1477/5568/1392
f 1470/5569/1393 1476/5570/1393 1478/5571/1393 1482/5572/1393
f 1467/5573/1394 1481/5574/1394 1464/5575/1394 1473/5576/1394
o Fusalage_Cube
v -0.327426 0.23229900000000026 -1.109347
v -0.327426 0.23229900000000026 1.173692
v -0.618005 0.2625250000000001 1.163153
v -0.618005 0.2625250000000001 -1.109347
v -0.5625 2.065029 -1.109346
v -1.017555 1.80802 -1.109346
v -1.017555 1.8151710000000003 1.122251
v -0.5625 2.065029 1.129457
v 1.023839 1.5620779999999996 -1.109346
v 0.892555 1.80802 -1.109346
v 0.892554 1.8151710000000003 1.122252
v 1.023838 1.5641660000000002 1.128029
v -0.667446 0.31157900000000005 -3.690436
v -0.336018 0.2838529999999997 -3.691957
v -1.148839 1.5641660000000002 1.128028
v -1.148839 1.5620779999999996 -1.109346
v 0.202426 0.23229900000000026 1.173692
v 0.493005 0.2625250000000001 1.163153
v 0.493005 0.2625250000000001 4.26685
v 0.202426 0.23229900000000026 4.337877
v -1.038842 0.508845 4.126339
v -0.618005 0.2625250000000001 4.26685
v -0.626557 0.27259999999999973 6.764894
v -0.976343 0.508845 6.671989
v -0.652598 0.6891569999999998 -5.335868
v -0.367707 0.6828250000000002 -5.345528
v -1.017555 1.8373039999999996 3.909359
v -0.562501 2.0721800000000004 3.959943
v -1.0388410000000001 0.508845 1.147351
v 0.892554 1.8373039999999996 3.909362
v 1.023838 1.5756880000000004 3.951142
v 0.946901 0.508845 -1.109346
v 0.493005 0.2625250000000001 -1.109346
v 0.543249 0.31157900000000005 -3.690434
v 1.026691 0.5475630000000002 -3.691889
v 0.4375 2.065029 -1.109346
v 0.850972 1.8030910000000002 -3.736173
v 0.416709 2.040699 -3.743226
v -0.975971 1.8030910000000002 -3.736175
v -1.103119 1.5595210000000002 -3.725354
v -0.789484 1.588063 -5.568754
v -0.701689 1.7793989999999997 -5.632179
v -0.403072 1.9129490000000002 -7.315977
v -0.449629 1.8113320000000002 -7.282061
v 0.528404 0.6890210000000003 -5.335769
v 0.76377 0.8534389999999998 -5.358565
v 0.576692 1.7793989999999997 -5.632178
v 0.272094 1.9223739999999996 -5.685405
v -0.187313 1.9493070000000001 -8.3111
v -0.190684 1.9157250000000001 -8.341391
v -0.407948 1.3305470000000001 -7.083781
v -0.240638 1.3282059999999998 -7.098085
v 0.278076 1.9129490000000002 -7.315977
v 0.115643 1.9525319999999997 -7.342604
v 0.283756 1.3303710000000004 -7.083269
v 0.375507 1.4195200000000003 -7.116877
v -0.114273 1.8346470000000004 -8.498201
v -0.123201 1.7561179999999998 -8.328739
v -0.188511 1.7367489999999997 -8.268644
v -0.200992 1.7855530000000002 -8.333448
v 0.062319 1.9493070000000001 -8.3111
v -0.002242000000000001 1.952369 -8.359083
v 0.060303999999999996 1.7367020000000002 -8.26853
v 0.06595899999999999 1.7852189999999997 -8.332548
v -0.614791 1.6880319999999998 7.08216
v -0.571279 2.000198 6.310975
v -1.002575 1.8173089999999998 5.963764
v -1.093992 1.5723710000000004 6.221809
v 0.501555 0.27259999999999973 6.764894
v 0.231809 0.2625250000000001 7.027289
v 0.877571 1.8173089999999998 5.963767
v 0.968988 1.5723710000000004 6.221812
v 0.913841 0.508845 4.126338
v 0.85134 0.508845 6.671988
v -0.356811 0.2625250000000001 7.027289
v -0.550672 0.5397990000000004 7.592494
v 0.387265 1.6021539999999996 -7.206698
v 0.07850299999999999 1.8468929999999997 -8.351049
v -0.11656 1.8769489999999998 -8.500607
v -0.205906 1.8469290000000003 -8.351135
v 0.781695 1.188034 -5.446379
v -0.498896 1.420394 -7.11911
v 1.145509 1.0097519999999998 -3.705615
v -1.147675 0.5476989999999997 -3.691989
v -0.883949 0.8541610000000004 -5.359471
v -1.071097 0.508845 -1.109347
v 1.165713 0.9895319999999996 -1.109346
v 0.913841 0.508845 1.147351
v -1.290714 0.9895319999999996 1.138566
v -1.290714 0.9895319999999996 4.043343
v -1.21066 0.9947160000000004 6.476157
v -0.009637 1.876931 -8.500563
v -0.017949 1.834542 -8.497944
v -0.063701 1.834651 -8.498213
v -0.062496 1.8769580000000001 -8.500628
v 0.425669 0.5397990000000004 7.592494
v -0.062502 0.5965230000000004 8.081087
v -0.062501 0.2324130000000002 7.141992
v 0.437499 2.0721800000000004 3.959944
v -0.062501 2.1726900000000002 4.011477
v -0.062502 2.1023370000000003 6.457097
v 0.446275 2.000198 6.310976
v -0.327426 0.23229900000000026 4.337877
v -0.0625 0.17641699999999982 4.382564
v 0.489787 1.6880319999999998 7.082161
v -0.062502 1.742191 7.424516
v -0.240638 1.9525319999999997 -7.342604
v -0.062498 1.9712230000000002 -7.360434
v -0.062497 1.9536379999999998 -8.361937
v -0.122752 1.952369 -8.359083
v 0.115643 1.3282059999999998 -7.098085
v -0.062498 1.335509 -7.11407
v -0.062497 1.7573879999999997 -8.332527
v -0.0029969999999999997 1.7561 -8.328697
v -0.397091 1.9223739999999996 -5.685406
v -0.062499 1.994109 -5.7163
v 0.242709 0.6828250000000002 -5.345528
v -0.062499 0.6940189999999999 -5.355219
v -0.5417080000000001 2.040699 -3.743227
v -0.0625 2.147411 -3.750279
v -0.0625 2.1726900000000002 -1.109346
v 0.437499 2.065029 1.129458
v -0.0625 2.1726900000000002 1.136663
v 0.211019 0.2838529999999997 -3.691957
v -0.0625 0.28635199999999994 -3.693479
v -0.0625 0.23229900000000026 1.184232
v 0.202426 0.23229900000000026 -1.109346
v -0.0625 0.23229900000000026 -1.109346
v 0.551604 1.0048950000000003 7.588775
v -0.062502 0.9841199999999999 8.17042
v -0.013415000000000003 1.9171690000000003 -8.496706
v -0.062496 1.917223 -8.496817
v -1.20294 1.4678810000000002 3.968356
v -1.131663 1.3924029999999998 6.199666
v -1.202939 1.4607299999999999 1.130409
v 1.077939 1.4607299999999999 -1.109346
v 1.030516 1.459149 -3.720894
v 0.700665 1.5092169999999996 -5.542615
v 0.343819 1.769457 -7.268083
v -0.111578 1.9171690000000003 -8.496706
v -0.192073 1.9018860000000002 -8.353872
v 0.06708 1.9018860000000002 -8.353872
v 1.165712 0.9895319999999996 4.043344
v 1.085656 0.9947160000000004 6.476158
v -0.676609 1.0048950000000003 7.588774
v -0.511456 1.6023300000000003 -7.207211
v -1.269706 1.0097519999999998 -3.705616
v -0.905889 1.1881700000000004 -5.446479
v -1.290713 0.9895319999999996 -1.109347
v 1.165713 0.9895319999999996 1.138567
v 0.324634 1.8113320000000002 -7.28206
v 0.06569 1.9157250000000001 -8.341391
v -0.114839 1.927442 -8.456543
v 0.664487 1.588063 -5.568752
v 0.9781200000000001 1.5595210000000002 -3.725353
v -1.148839 1.5756880000000004 3.951139
v -0.010154000000000003 1.927442 -8.456543
v -0.062497 1.9278500000000003 -8.457455
v 0.507717 1.4803600000000001 7.271474
v -0.062502 1.5147469999999998 7.694695
v 1.077938 1.4678810000000002 3.968358
v 1.006659 1.3924029999999998 6.199668
v -0.632722 1.4803600000000001 7.271474
v -0.468814 1.769457 -7.268084
v -1.155515 1.459149 -3.720895
v -0.825662 1.5092169999999996 -5.542617
v -1.202939 1.4607299999999999 -1.109346
v 1.077938 1.4607299999999999 1.130409
vt 0.5526 0.33129999999999993
vt 0.416 0.3308
vt 0.4167 0.3131999999999999
vt 0.5528 0.31400000000000006
vt 0.5539 0.15390000000000004
vt 0.554 0.18630000000000002
vt 0.4211 0.18569999999999998
vt 0.421 0.15349999999999997
vt 0.5548 0.04190000000000005
vt 0.5545 0.0605
vt 0.4217 0.059799999999999964
vt 0.4214 0.04090000000000005
vt 0.5526 0.33129999999999993
vt 0.5528 0.31400000000000006
vt 0.7009 0.3133
vt 0.7006 0.3319
vt 0.4207 0.2047
vt 0.4211 0.18569999999999998
vt 0.554 0.18630000000000002
vt 0.5541 0.20479999999999998
vt 0.4159 0.36260000000000003
vt 0.4165 0.3802
vt 0.2307 0.37949999999999995
vt 0.2268 0.3621
vt 0.2387 0.2825
vt 0.2309 0.3131999999999999
vt 0.093 0.3163
vt 0.0929 0.29200000000000004
vt 0.7006 0.3319
vt 0.7009 0.3133
vt 0.7957 0.3136
vt 0.7962 0.33000000000000007
vt 0.421 0.15349999999999997
vt 0.4211 0.18569999999999998
vt 0.2576 0.1825
vt 0.2559 0.15139999999999998
vt 0.4177 0.28259999999999996
vt 0.4167 0.3131999999999999
vt 0.2309 0.3131999999999999
vt 0.2387 0.2825
vt 0.4214 0.04090000000000005
vt 0.4217 0.059799999999999964
vt 0.2582 0.06169999999999998
vt 0.2548 0.04249999999999998
vt 0.5532 0.4119999999999999
vt 0.5527 0.3799
vt 0.7008 0.3811
vt 0.7034 0.4122
vt 0.5542 0.0928
vt 0.5545 0.0605
vt 0.7088 0.06579999999999997
vt 0.7084 0.09550000000000003
vt 0.5541 0.20479999999999998
vt 0.554 0.18630000000000002
vt 0.7083 0.18230000000000002
vt 0.7087 0.20040000000000002
vt 0.8191 0.18199999999999994
vt 0.8218 0.1673
vt 0.9226 0.14569999999999994
vt 0.9214 0.1532
vt 0.7087 0.20040000000000002
vt 0.7083 0.18230000000000002
vt 0.8218 0.1673
vt 0.8191 0.18199999999999994
vt 0.7034 0.4122
vt 0.7008 0.3811
vt 0.7956 0.3812
vt 0.8003 0.3982
vt 0.7084 0.09550000000000003
vt 0.7088 0.06579999999999997
vt 0.8222 0.08179999999999998
vt 0.8249 0.10319999999999996
vt 0.9214 0.1532
vt 0.9226 0.14569999999999994
vt 0.9771 0.132
vt 0.9796 0.13359999999999994
vt 0.7962 0.33000000000000007
vt 0.7957 0.3136
vt 0.908 0.32689999999999997
vt 0.9087 0.33699999999999997
vt 0.8249 0.10319999999999996
vt 0.8222 0.08179999999999998
vt 0.9228 0.10419999999999996
vt 0.9242 0.11450000000000005
vt 0.8003 0.3982
vt 0.7956 0.3812
vt 0.9078 0.36840000000000006
vt 0.9123 0.3758
vt 0.9965 0.34509999999999996
vt 0.9862 0.34430000000000005
vt 0.9825 0.3406
vt 0.9875 0.33929999999999993
vt 0.9087 0.33699999999999997
vt 0.908 0.32689999999999997
vt 0.9825 0.3406
vt 0.9862 0.34430000000000005
vt 0.9242 0.11450000000000005
vt 0.9228 0.10419999999999996
vt 0.9772 0.11840000000000006
vt 0.9801 0.12190000000000001
vt 0.9123 0.3758
vt 0.9078 0.36840000000000006
vt 0.9824 0.355
vt 0.9875 0.3561000000000001
vt 0.0871 0.1521
vt 0.1302 0.1473
vt 0.146 0.17220000000000002
vt 0.1291 0.1855
vt 0.2268 0.3621
vt 0.2307 0.37949999999999995
vt 0.0929 0.376
vt 0.0794 0.3615999999999999
vt 0.2559 0.15139999999999998
vt 0.2576 0.1825
vt 0.146 0.17220000000000002
vt 0.1302 0.1473
vt 0.2548 0.04249999999999998
vt 0.2582 0.06169999999999998
vt 0.1464 0.07099999999999995
vt 0.1296 0.057599999999999985
vt 0.2307 0.37949999999999995
vt 0.2385 0.4103
vt 0.0927 0.4003
vt 0.0929 0.376
vt 0.0794 0.3306
vt 0.0466 0.3196
vt 0.0929 0.29200000000000004
vt 0.093 0.3163
vt 0.9234 0.3839
vt 0.9123 0.3758
vt 0.9875 0.3561000000000001
vt 0.9912 0.359
vt 0.9993 0.344
vt 0.9965 0.34509999999999996
vt 0.9875 0.33929999999999993
vt 0.9913 0.3365
vt 0.815 0.4166000000000001
vt 0.8003 0.3982
vt 0.9123 0.3758
vt 0.9234 0.3839
vt 0.908 0.32689999999999997
vt 0.9126 0.3196
vt 0.9875 0.33929999999999993
vt 0.9825 0.3406
vt 0.7101 0.44389999999999996
vt 0.7034 0.4122
vt 0.8003 0.3982
vt 0.815 0.4166000000000001
vt 0.7009 0.3133
vt 0.7037 0.2824
vt 0.8006 0.29679999999999995
vt 0.7957 0.3136
vt 0.7957 0.3136
vt 0.8006 0.29679999999999995
vt 0.9126 0.3196
vt 0.908 0.32689999999999997
vt 0.5528 0.31400000000000006
vt 0.5534 0.28200000000000003
vt 0.7037 0.2824
vt 0.7009 0.3133
vt 0.5537 0.4482999999999999
vt 0.5532 0.4119999999999999
vt 0.7034 0.4122
vt 0.7101 0.44389999999999996
vt 0.4165 0.3802
vt 0.4174 0.41090000000000004
vt 0.2385 0.4103
vt 0.2307 0.37949999999999995
vt 0.4182 0.24570000000000003
vt 0.4177 0.28259999999999996
vt 0.2387 0.2825
vt 0.2428 0.24570000000000003
vt 0.2428 0.24570000000000003
vt 0.2387 0.2825
vt 0.0929 0.29200000000000004
vt 0.095 0.2542
vt 0.4167 0.3131999999999999
vt 0.4177 0.28259999999999996
vt 0.5534 0.28200000000000003
vt 0.5528 0.31400000000000006
vt 0.5527 0.3799
vt 0.5532 0.4119999999999999
vt 0.4174 0.41090000000000004
vt 0.4165 0.3802
vt 0.9994 0.3514999999999999
vt 0.9966 0.35020000000000007
vt 0.9967 0.3477
vt 0.9999 0.3478
vt 0.0794 0.3615999999999999
vt 0.0465 0.37240000000000006
vt 0.0299 0.346
vt 0.0742 0.3461000000000001
vt 0.2562 0.0928
vt 0.2535 0.12209999999999999
vt 0.1242 0.12149999999999994
vt 0.1304 0.0958
vt 0.2269 0.3306
vt 0.2243 0.34640000000000004
vt 0.0742 0.3461000000000001
vt 0.0794 0.3306
vt 0.0873 0.09060000000000001
vt 0.1304 0.0958
vt 0.1242 0.12149999999999994
vt 0.072 0.12129999999999996
vt 0.9241 0.13539999999999996
vt 0.9251 0.125
vt 0.9802 0.12519999999999998
vt 0.9801 0.12850000000000006
vt 0.9086 0.35830000000000006
vt 0.9097 0.3476
vt 0.9865 0.3479
vt 0.9862 0.35139999999999993
vt 0.9966 0.35020000000000007
vt 0.9862 0.35139999999999993
vt 0.9865 0.3479
vt 0.9967 0.3477
vt 0.8247 0.14580000000000004
vt 0.8264 0.12450000000000006
vt 0.9251 0.125
vt 0.9241 0.13539999999999996
vt 0.7962 0.3648
vt 0.797 0.34739999999999993
vt 0.9097 0.3476
vt 0.9086 0.35830000000000006
vt 0.7082 0.15260000000000007
vt 0.7085 0.124
vt 0.8264 0.12450000000000006
vt 0.8247 0.14580000000000004
vt 0.5539 0.15390000000000004
vt 0.554 0.12339999999999995
vt 0.7085 0.124
vt 0.7082 0.15260000000000007
vt 0.4213 0.09209999999999996
vt 0.4208 0.12280000000000002
vt 0.2535 0.12209999999999999
vt 0.2562 0.0928
vt 0.7005 0.36250000000000004
vt 0.7007 0.34719999999999995
vt 0.797 0.34739999999999993
vt 0.7962 0.3648
vt 0.416 0.3308
vt 0.4153 0.3467
vt 0.2243 0.34640000000000004
vt 0.2269 0.3306
vt 0.5526 0.36260000000000003
vt 0.5525 0.347
vt 0.7007 0.34719999999999995
vt 0.7005 0.36250000000000004
vt 0.5542 0.0928
vt 0.554 0.12339999999999995
vt 0.4208 0.12280000000000002
vt 0.4213 0.09209999999999996
vt 0.5526 0.36260000000000003
vt 0.4159 0.36260000000000003
vt 0.4153 0.3467
vt 0.5525 0.347
vt 0.0465 0.37240000000000006
vt 0.0252 0.3978999999999999
vt 0.0001 0.346
vt 0.0299 0.346
vt 0.9881 0.12250000000000005
vt 0.9908 0.12080000000000002
vt 0.9919 0.12519999999999998
vt 0.9883 0.12519999999999998
vt 0.2527 0.20940000000000003
vt 0.2458 0.242
vt 0.1017 0.2208
vt 0.1262 0.1975
vt 0.4205 0.21250000000000002
vt 0.4197 0.24550000000000005
vt 0.2458 0.242
vt 0.2527 0.20940000000000003
vt 0.555 0.03420000000000001
vt 0.5557 0.0012999999999999678
vt 0.7111 0.008399999999999963
vt 0.7095 0.040100000000000025
vt 0.7095 0.040100000000000025
vt 0.7111 0.008399999999999963
vt 0.8153 0.03749999999999998
vt 0.8185 0.06099999999999994
vt 0.8185 0.06099999999999994
vt 0.8153 0.03749999999999998
vt 0.9192 0.0816
vt 0.9212 0.09360000000000002
vt 0.9881 0.128
vt 0.9907 0.12970000000000004
vt 0.9818 0.138
vt 0.9806 0.13429999999999997
vt 0.9212 0.09360000000000002
vt 0.9192 0.0816
vt 0.982 0.11240000000000006
vt 0.9807 0.11609999999999998
vt 0.2385 0.4103
vt 0.2424 0.44710000000000005
vt 0.0946 0.43799999999999994
vt 0.0927 0.4003
vt 0.0466 0.3196
vt 0.0254 0.29410000000000003
vt 0.095 0.2542
vt 0.0929 0.29200000000000004
vt 0.9126 0.3196
vt 0.9237 0.3114
vt 0.9913 0.3365
vt 0.9875 0.33929999999999993
vt 0.7037 0.2824
vt 0.7104 0.2506999999999999
vt 0.8152 0.2784
vt 0.8006 0.29679999999999995
vt 0.8006 0.29679999999999995
vt 0.8152 0.2784
vt 0.9237 0.3114
vt 0.9126 0.3196
vt 0.5534 0.28200000000000003
vt 0.5541 0.24570000000000003
vt 0.7104 0.2506999999999999
vt 0.7037 0.2824
vt 0.4174 0.41090000000000004
vt 0.4178 0.4477
vt 0.2424 0.44710000000000005
vt 0.2385 0.4103
vt 0.4177 0.28259999999999996
vt 0.4182 0.24570000000000003
vt 0.5541 0.24570000000000003
vt 0.5534 0.28200000000000003
vt 0.5532 0.4119999999999999
vt 0.5537 0.4482999999999999
vt 0.4178 0.4477
vt 0.4174 0.41090000000000004
vt 0.9216 0.09670000000000001
vt 0.9212 0.09360000000000002
vt 0.9807 0.11609999999999998
vt 0.9796 0.11680000000000001
vt 0.9858 0.1281
vt 0.9881 0.128
vt 0.9806 0.13429999999999997
vt 0.9796 0.13359999999999994
vt 0.8196 0.06699999999999995
vt 0.8185 0.06099999999999994
vt 0.9212 0.09360000000000002
vt 0.9216 0.09670000000000001
vt 0.7093 0.047699999999999965
vt 0.7095 0.040100000000000025
vt 0.8185 0.06099999999999994
vt 0.8196 0.06699999999999995
vt 0.5548 0.04190000000000005
vt 0.555 0.03420000000000001
vt 0.7095 0.040100000000000025
vt 0.7093 0.047699999999999965
vt 0.4207 0.2047
vt 0.4205 0.21250000000000002
vt 0.2527 0.20940000000000003
vt 0.2542 0.2017
vt 0.2542 0.2017
vt 0.2527 0.20940000000000003
vt 0.1262 0.1975
vt 0.1291 0.1855
vt 0.9858 0.12229999999999996
vt 0.9881 0.12250000000000005
vt 0.9883 0.12519999999999998
vt 0.9859 0.12519999999999998
vt 0.0324 0.06820000000000004
vt 0.0708 0.08440000000000003
vt 0.0508 0.12119999999999997
vt 0.0001 0.121
vt 0.2469 0.0020999999999999908
vt 0.2534 0.03469999999999995
vt 0.1269 0.045499999999999985
vt 0.1025 0.02210000000000001
vt 0.0319 0.17399999999999993
vt 0.0705 0.1582
vt 0.1262 0.1975
vt 0.1017 0.2208
vt 0.9189 0.1683
vt 0.9209 0.15639999999999998
vt 0.9806 0.13429999999999997
vt 0.9818 0.138
vt 0.7101 0.23970000000000002
vt 0.7088 0.20799999999999996
vt 0.818 0.18799999999999994
vt 0.8146 0.21150000000000002
vt 0.8146 0.21150000000000002
vt 0.818 0.18799999999999994
vt 0.9209 0.15639999999999998
vt 0.9189 0.1683
vt 0.5546 0.24550000000000005
vt 0.5542 0.21250000000000002
vt 0.7088 0.20799999999999996
vt 0.7101 0.23970000000000002
vt 0.4208 0.00009999999999998899
vt 0.4212 0.03310000000000002
vt 0.2534 0.03469999999999995
vt 0.2469 0.0020999999999999908
vt 0.4197 0.24550000000000005
vt 0.4205 0.21250000000000002
vt 0.5542 0.21250000000000002
vt 0.5546 0.24550000000000005
vt 0.5557 0.0012999999999999678
vt 0.555 0.03420000000000001
vt 0.4212 0.03310000000000002
vt 0.4208 0.00009999999999998899
vt 0.0001 0.121
vt 0.0508 0.12119999999999997
vt 0.0705 0.1582
vt 0.0319 0.17399999999999993
vt 0.9859 0.12519999999999998
vt 0.9883 0.12519999999999998
vt 0.9881 0.128
vt 0.9858 0.1281
vt 0.0299 0.346
vt 0.0001 0.346
vt 0.0254 0.29410000000000003
vt 0.0466 0.3196
vt 0.9883 0.12519999999999998
vt 0.9919 0.12519999999999998
vt 0.9907 0.12970000000000004
vt 0.9881 0.128
vt 0.4167 0.3131999999999999
vt 0.416 0.3308
vt 0.2269 0.3306
vt 0.2309 0.3131999999999999
vt 0.554 0.18630000000000002
vt 0.5539 0.15390000000000004
vt 0.7082 0.15260000000000007
vt 0.7083 0.18230000000000002
vt 0.7083 0.18230000000000002
vt 0.7082 0.15260000000000007
vt 0.8247 0.14580000000000004
vt 0.8218 0.1673
vt 0.8218 0.1673
vt 0.8247 0.14580000000000004
vt 0.9241 0.13539999999999996
vt 0.9226 0.14569999999999994
vt 0.9226 0.14569999999999994
vt 0.9241 0.13539999999999996
vt 0.9801 0.12850000000000006
vt 0.9771 0.132
vt 0.2309 0.3131999999999999
vt 0.2269 0.3306
vt 0.0794 0.3306
vt 0.093 0.3163
vt 0.9999 0.3478
vt 0.9967 0.3477
vt 0.9965 0.34509999999999996
vt 0.9993 0.344
vt 0.0742 0.3461000000000001
vt 0.0299 0.346
vt 0.0466 0.3196
vt 0.0794 0.3306
vt 0.2535 0.12209999999999999
vt 0.2559 0.15139999999999998
vt 0.1302 0.1473
vt 0.1242 0.12149999999999994
vt 0.072 0.12129999999999996
vt 0.1242 0.12149999999999994
vt 0.1302 0.1473
vt 0.0871 0.1521
vt 0.9097 0.3476
vt 0.9087 0.33699999999999997
vt 0.9862 0.34430000000000005
vt 0.9865 0.3479
vt 0.9967 0.3477
vt 0.9865 0.3479
vt 0.9862 0.34430000000000005
vt 0.9965 0.34509999999999996
vt 0.797 0.34739999999999993
vt 0.7962 0.33000000000000007
vt 0.9087 0.33699999999999997
vt 0.9097 0.3476
vt 0.4208 0.12280000000000002
vt 0.421 0.15349999999999997
vt 0.2559 0.15139999999999998
vt 0.2535 0.12209999999999999
vt 0.7007 0.34719999999999995
vt 0.7006 0.3319
vt 0.7962 0.33000000000000007
vt 0.797 0.34739999999999993
vt 0.5525 0.347
vt 0.5526 0.33129999999999993
vt 0.7006 0.3319
vt 0.7007 0.34719999999999995
vt 0.554 0.12339999999999995
vt 0.5539 0.15390000000000004
vt 0.421 0.15349999999999997
vt 0.4208 0.12280000000000002
vt 0.5525 0.347
vt 0.4153 0.3467
vt 0.416 0.3308
vt 0.5526 0.33129999999999993
vt 0.1025 0.02210000000000001
vt 0.1269 0.045499999999999985
vt 0.0708 0.08440000000000003
vt 0.0324 0.06820000000000004
vt 0.9796 0.11680000000000001
vt 0.9807 0.11609999999999998
vt 0.9881 0.12250000000000005
vt 0.9858 0.12229999999999996
vt 0.9807 0.11609999999999998
vt 0.982 0.11240000000000006
vt 0.9908 0.12080000000000002
vt 0.9881 0.12250000000000005
vt 0.0927 0.4003
vt 0.0946 0.43799999999999994
vt 0.0252 0.3978999999999999
vt 0.0465 0.37240000000000006
vt 0.5527 0.3799
vt 0.4165 0.3802
vt 0.4159 0.36260000000000003
vt 0.5526 0.36260000000000003
vt 0.5545 0.0605
vt 0.5542 0.0928
vt 0.4213 0.09209999999999996
vt 0.4217 0.059799999999999964
vt 0.5527 0.3799
vt 0.5526 0.36260000000000003
vt 0.7005 0.36250000000000004
vt 0.7008 0.3811
vt 0.7008 0.3811
vt 0.7005 0.36250000000000004
vt 0.7962 0.3648
vt 0.7956 0.3812
vt 0.4217 0.059799999999999964
vt 0.4213 0.09209999999999996
vt 0.2562 0.0928
vt 0.2582 0.06169999999999998
vt 0.7956 0.3812
vt 0.7962 0.3648
vt 0.9086 0.35830000000000006
vt 0.9078 0.36840000000000006
vt 0.9875 0.3561000000000001
vt 0.9824 0.355
vt 0.9862 0.35139999999999993
vt 0.9966 0.35020000000000007
vt 0.9078 0.36840000000000006
vt 0.9086 0.35830000000000006
vt 0.9862 0.35139999999999993
vt 0.9824 0.355
vt 0.1296 0.057599999999999985
vt 0.1464 0.07099999999999995
vt 0.1304 0.0958
vt 0.0873 0.09060000000000001
vt 0.2582 0.06169999999999998
vt 0.2562 0.0928
vt 0.1304 0.0958
vt 0.1464 0.07099999999999995
vt 0.0929 0.376
vt 0.0927 0.4003
vt 0.0465 0.37240000000000006
vt 0.0794 0.3615999999999999
vt 0.9912 0.359
vt 0.9875 0.3561000000000001
vt 0.9966 0.35020000000000007
vt 0.9994 0.3514999999999999
vt 0.2243 0.34640000000000004
vt 0.2268 0.3621
vt 0.0794 0.3615999999999999
vt 0.0742 0.3461000000000001
vt 0.9251 0.125
vt 0.9242 0.11450000000000005
vt 0.9801 0.12190000000000001
vt 0.9802 0.12519999999999998
vt 0.8264 0.12450000000000006
vt 0.8249 0.10319999999999996
vt 0.9242 0.11450000000000005
vt 0.9251 0.125
vt 0.7085 0.124
vt 0.7084 0.09550000000000003
vt 0.8249 0.10319999999999996
vt 0.8264 0.12450000000000006
vt 0.554 0.12339999999999995
vt 0.5542 0.0928
vt 0.7084 0.09550000000000003
vt 0.7085 0.124
vt 0.4153 0.3467
vt 0.4159 0.36260000000000003
vt 0.2268 0.3621
vt 0.2243 0.34640000000000004
vt 0.1269 0.045499999999999985
vt 0.1296 0.057599999999999985
vt 0.0873 0.09060000000000001
vt 0.0708 0.08440000000000003
vt 0.9772 0.11840000000000006
vt 0.9796 0.11680000000000001
vt 0.9858 0.12229999999999996
vt 0.9801 0.12190000000000001
vt 0.0508 0.12119999999999997
vt 0.072 0.12129999999999996
vt 0.0871 0.1521
vt 0.0705 0.1582
vt 0.9802 0.12519999999999998
vt 0.9859 0.12519999999999998
vt 0.9858 0.1281
vt 0.9801 0.12850000000000006
vt 0.9801 0.12190000000000001
vt 0.9858 0.12229999999999996
vt 0.9859 0.12519999999999998
vt 0.9802 0.12519999999999998
vt 0.2576 0.1825
vt 0.2542 0.2017
vt 0.1291 0.1855
vt 0.146 0.17220000000000002
vt 0.4211 0.18569999999999998
vt 0.4207 0.2047
vt 0.2542 0.2017
vt 0.2576 0.1825
vt 0.5545 0.0605
vt 0.5548 0.04190000000000005
vt 0.7093 0.047699999999999965
vt 0.7088 0.06579999999999997
vt 0.7088 0.06579999999999997
vt 0.7093 0.047699999999999965
vt 0.8196 0.06699999999999995
vt 0.8222 0.08179999999999998
vt 0.8222 0.08179999999999998
vt 0.8196 0.06699999999999995
vt 0.9216 0.09670000000000001
vt 0.9228 0.10419999999999996
vt 0.9801 0.12850000000000006
vt 0.9858 0.1281
vt 0.9796 0.13359999999999994
vt 0.9771 0.132
vt 0.9228 0.10419999999999996
vt 0.9216 0.09670000000000001
vt 0.9796 0.11680000000000001
vt 0.9772 0.11840000000000006
vt 0.0708 0.08440000000000003
vt 0.0873 0.09060000000000001
vt 0.072 0.12129999999999996
vt 0.0508 0.12119999999999997
vt 0.2534 0.03469999999999995
vt 0.2548 0.04249999999999998
vt 0.1296 0.057599999999999985
vt 0.1269 0.045499999999999985
vt 0.0705 0.1582
vt 0.0871 0.1521
vt 0.1291 0.1855
vt 0.1262 0.1975
vt 0.9209 0.15639999999999998
vt 0.9214 0.1532
vt 0.9796 0.13359999999999994
vt 0.9806 0.13429999999999997
vt 0.7088 0.20799999999999996
vt 0.7087 0.20040000000000002
vt 0.8191 0.18199999999999994
vt 0.818 0.18799999999999994
vt 0.818 0.18799999999999994
vt 0.8191 0.18199999999999994
vt 0.9214 0.1532
vt 0.9209 0.15639999999999998
vt 0.5542 0.21250000000000002
vt 0.5541 0.20479999999999998
vt 0.7087 0.20040000000000002
vt 0.7088 0.20799999999999996
vt 0.4212 0.03310000000000002
vt 0.4214 0.04090000000000005
vt 0.2548 0.04249999999999998
vt 0.2534 0.03469999999999995
vt 0.4205 0.21250000000000002
vt 0.4207 0.2047
vt 0.5541 0.20479999999999998
vt 0.5542 0.21250000000000002
vt 0.555 0.03420000000000001
vt 0.5548 0.04190000000000005
vt 0.4214 0.04090000000000005
vt 0.4212 0.03310000000000002
vn -0.10346167610843247 -0.9946334408096452 0
vn -0.4917710844075933 0.8707200557766356 -0.0027901628828408665
vn 0.8821806982525198 0.47090863207334904 -0.0015085985232368895
vn -0.10344686709678322 -0.9944910737152222 -0.01691892397894625
vn -0.886127109038313 0.46343990033209714 -0.001485061472691971
vn 0.10346167610843246 -0.9946334408096451 0
vn -0.5055772303681642 -0.8627795810703541 0.001748891454744168
vn -0.08227317161768585 -0.9712014134606085 -0.22360442688838486
vn -0.4811977992123432 0.8765844058587338 -0.006961137729456749
vn -0.505144033783292 -0.8630350544057551 0
vn 0.8861428303787399 0.46339760709176225 -0.003679933421272087
vn 0.47695805539323666 -0.8788947446848353 -0.00741897303408179
vn 0.49175118721178473 0.8706848261993108 -0.009418243046140395
vn -0.8820844609842495 0.47085726055678173 -0.014847352325885412
vn -0.9167882850311352 0.3766779640946379 -0.13271379655178556
vn -0.8810071727832637 0.45398770096216123 -0.13312223285211153
vn 0.4287839390695569 -0.8796842755149158 -0.2056694168022857
vn 0.4794534907962271 0.873887689892634 -0.0802786124533036
vn -0.9153298082486391 0.3574901688926231 -0.18539719867525944
vn -0.03263237866066913 -0.936805743463766 -0.3483247434166104
vn 0.4254308044572641 0.9049835137578021 -0.0036702105426214536
vn 0.5110815735299856 -0.781294568272361 -0.35829376604431634
vn -0.12252627933872288 -0.8980004354829257 -0.4225902610613325
vn -0.041479718173576735 -0.9427591716404196 -0.33088453766852066
vn 0.23926568128156303 0.9708155156766864 -0.016406348840588895
vn 0.5789841865422262 -0.731580886694272 -0.3599537719730958
vn -0.5589018612901694 0.7791387983259104 0.28385109192962593
vn 0.10434453477876672 -0.9945344974064665 0.0036539745853200805
vn -0.459676959710143 0.8880051936418375 0.011994531118901225
vn 0.8930244157308548 0.4498763931097116 0.010891456797040481
vn 0.5082044615718209 -0.8611460606822086 0.012477476107359766
vn -0.4778712888103089 -0.8423092116569117 0.24930748743005335
vn 0.9313188508905881 -0.20724917568408946 -0.2994878581079713
vn -0.8731020060534215 -0.07460602504981732 -0.4817954213686109
vn 0.961157503933282 -0.11708622062725434 -0.2499341304663476
vn -0.5802878329872883 -0.7296505966454735 -0.3617679334902717
vn 0.9484189158336627 -0.2496200857708402 -0.19542613148875007
vn -0.42896726039431937 -0.8739510667523127 -0.2284658014502106
vn -0.5163322231019716 -0.7758193221518788 -0.3626367531875049
vn -0.47762439494200876 -0.8785636259867843 0.0009446953126987249
vn 0.9099212422701743 -0.41420235384693477 0.02190303479341545
vn 0.5051440337832921 -0.8630350544057551 0
vn -0.8857674690675108 -0.46412928235745693 -2.9733838104925914e-7
vn -0.8870991725659756 -0.4610647615818673 0.021779432045332614
vn -0.5053328518029231 -0.8628942796682983 0.007222949844310165
vn 0.4769595384322221 -0.8788974774936342 0.006987328090820012
vn 0.005718253374741404 -0.06278327899237933 -0.9980108022748588
vn 0.2511957620309564 -0.9002893391293995 0.35549936003829385
vn 0.1997896727580742 0.9794336292651514 0.02817538861694125
vn -0.2095547305500667 -0.9775956592127157 0.019837892845381386
vn 0.279330018689184 0.8954203867942296 0.34669449313822764
vn -0.10606245929265097 0.9942062202669726 -0.017456984598003617
vn -0.009379904856577815 -0.9449192241214769 -0.32716918753230423
vn 0.007467997896784029 -0.9070120332229411 -0.42103847875960226
vn -0.21081316472472053 0.9774316817803737 -0.013605771964079642
vn -0.023570244747655355 -0.9392047077018192 -0.34254774936244453
vn -0.21779716955228595 0.9730403779835551 -0.07587368284611636
vn -0.21048836157214756 0.9775515812232244 -0.009357119783706045
vn 0.2104979802545327 0.9775942922852798 7.32214258900348e-8
vn -0.0075473406675649795 -0.9711736619493081 -0.23825355398150685
vn 0.0006950211825043793 -0.9998471539963825 -0.017469561840242436
vn 0 -0.9997813057317138 -0.02091269254280488
vn 0.21049757690422838 0.977594379135564 0
vn 0 -1 0
vn 0.6798026714221648 -0.1783833084545042 0.7113703136848722
vn 0.0012728598805821854 0.09553565881941571 -0.9954251944378667
vn -0.9821769035911737 0.18522780743795855 0.03192474594700999
vn -0.9830886592290023 0.18313024899049993 0
vn 0.9830699931500952 0.18312468554356434 -0.006223994894178349
vn 0.9552141659355469 0.23846587503582195 -0.17521393677289893
vn 0.9662494597852446 0.19246669011324188 -0.1712266178535813
vn -0.8614385551396659 0.1536549885294562 -0.4840596659699064
vn 0.960264654951834 0.16744140251287606 -0.22328271132077449
vn 0.8874984595275726 -0.4598210303268132 0.030184506048203448
vn -0.8757148963116839 -0.23374376568593808 0.4224775406820748
vn -0.9333844552204046 -0.20655129670473402 -0.2934791654998724
vn -0.9409085446694622 -0.2550699141164773 -0.22277892512670064
vn -0.9611227643356495 -0.12700172456720146 -0.24518073707523655
vn -0.9095139997875977 -0.41553823294025677 -0.010595336486161525
vn 0.885768231150117 -0.4641278279580958 3.049350194837876e-7
vn -0.8857674683409212 -0.4641292837440449 -3.9403992425698407e-7
vn 0.9101395849774503 -0.4143017449360728 0
vn 0.9150534849384304 0.355873571307569 -0.18981865278952537
vn -0.5826786731579614 0.7747432465299687 -0.24547599842567433
vn 0.9167908648612043 0.37664262456518616 -0.13279624794282882
vn 0.8795381241108068 0.45261261646557593 -0.1468145348793122
vn 0.8820631232269484 0.4708491037472673 -0.016302396864164823
vn -0.8861261879205063 0.46344256888895996 -0.0011680852166418066
vn -0.890094098853667 0.45366933344468124 0.0437793453324417
vn 0.0016265767721869884 0.9687769813872341 -0.24792844649665086
vn 0.5345467811394254 0.5027144266312964 0.6793658396109169
vn 0.9818164011949255 0.18606031332640433 0.03765785641171491
vn -0.8656627704728268 0.33071752246929614 0.3758375821403184
vn -0.960614152633967 0.16316914189216578 -0.22493617070960337
vn -0.9569697909493293 0.23749512150762567 -0.16674797291264284
vn -0.9666808484670961 0.1902931893388964 -0.17122102469663678
vn -0.9829304580652931 0.1830987312901048 -0.017960211789040902
vn 0.9830899927996545 0.18312250856025247 -0.0004614279744683314
vn -0.9830886592290025 0.18313024899049993 0
vn 0.9830890348411985 0.18312823259893152 4.3892704102425875e-7
vn -0.5099885008880277 0.5742032936549902 0.6404703791103403
vn -0.0016516307839098323 0.9654323225859657 -0.2606486190679353
vn -0.6812255532692556 -0.16441718108397038 0.7133713872432771
vn -0.000402386165596801 0.09422683750786066 -0.9955506723309673
vn -0.10346167610843247 -0.9946334408096451 0
vn -0.49173803455714643 0.8706615383718166 -0.011924385514417105
vn -0.47921029802297505 0.8731882594175447 -0.08888055965221019
vn -0.42821779465025905 0.9033571311351195 -0.02398778798046095
vn -0.2410115469693452 0.9701151682071671 -0.028106843327255847
vn -0.10587876337008562 -0.9943285780830593 0.0100182969881552
vn -0.00023239278025768796 -0.056983379426514054 -0.9983751000814923
vn -0.24570648579720641 -0.903788552550045 0.3504205689121029
vn -0.19988906895136602 0.9793821548761104 0.029239610530625404
vn -0.2770528615954127 0.9004804020406303 0.33522642709449085
vn 0.009333674087342125 -0.9447653216079887 -0.32761466636123754
vn -0.007408198637292285 -0.9062986136272025 -0.42257300142148346
vn 0.023506155877958533 -0.9386870300973514 -0.34396819644097265
vn -0.21046291574898257 0.9775987217083094 -0.0024699005477689063
vn 0.00757520646007241 -0.972043438617881 -0.23467886501986732
vn 7.533424678031667e-8 -0.9998008192683483 -0.019958000659732484
vn -0.21049757690422835 0.9775943791355639 0
vn 0 -1 0
vn 0.8377872215895118 0.41394876835333444 0.35603228578330376
vn 0.8000404509127577 0.44412412574635823 -0.40334729183836665
vn 0.8643529961444691 0.1549826026095861 -0.4784080799322255
vn 0.8718018971912972 -0.2508492361504877 0.42075659564215023
vn 0.10346167610843246 -0.9946334408096452 0
vn 0.4917729986398957 0.8707234450781012 2.1965879934592302e-7
vn 0.10344198968925722 -0.9944441845402903 -0.019506886043771116
vn 0.08194795010984506 -0.9691918198324904 -0.23227515976225263
vn 0.48126603477020385 0.8765717879155557 -0.0022145895988831773
vn 0.03219253841056786 -0.9371493319530442 -0.34744031155098754
vn 0.2954633418989773 -0.773782561536432 -0.560323086313607
vn 0.04137024260317842 -0.9424787613232535 -0.3316960769764098
vn 0.617552280394884 0.6679710187722842 0.41526365005788235
vn 0.46073989917118124 0.8871704509038582 0.02544280556021162
vn 0.5873655393419344 -0.7528825492396568 0.29693364619718393
vn 0.8054076034221461 -0.3145206116208044 -0.5023896667084925
vn 0.2077934052863997 -0.9781338413957706 0.008722902947744023
vn 0.10556945711089362 0.994334582315843 -0.012402747118666362
vn 0.20980845637828366 0.9777404330122947 -0.0020142703622521804
vn 0.21779781301685763 0.9730692705521831 -0.07550037981438393
vn 0.2104855461151243 0.9775385056572196 -0.010691343885036397
vn 0 -1 0
vn 0.8738184632289621 0.12509138251335433 0.4698866239222742
vn 0.7543450060601928 0.4798358184281274 -0.44801919510826427
vn -0.42849120986811023 0.6912271454642764 0.5818937329436288
vn -0.01206607109341793 0.9653635320718007 -0.26062935535780724
vn 0.011882155414797082 0.9685133640335809 -0.24867786003393086
vn -0.8921291021669333 0.4512343778350532 0.02220813649620092
vn -0.8861303417659219 0.46343223880319867 -0.001891412082447545
vn 0.8820705213657135 0.470849819579316 -0.015875853984711422
vn 0.8799966498947055 0.45303496774575625 -0.1427067418649066
vn 0.9167881134410093 0.3766583369345547 -0.13277067549338833
vn -0.5094385446198696 0.8228370250444609 -0.25181659888015867
vn 0.9151273138717516 0.35634274663068594 -0.18857848851226836
vn 0.4561612715057643 0.6206998688981006 0.6376900243285331
vn 0.8921279006287937 0.451236696621561 0.02220928953664915
vn -0.8121435964242597 0.42981199879306503 0.3945686562318141
vn -0.9151340877154786 0.356322886646273 -0.18858314334326431
vn -0.8799967556296456 0.4530344779411481 -0.1427076447773178
vn -0.9167910307178058 0.376650256442067 -0.13277345486771255
vn -0.8820691738091155 0.47085233357415335 -0.0158761640038951
vn 0.8861320373888188 0.4634289966419876 -0.0018913975102339527
vn -0.8861197560307504 0.4634561369788088 -0.0004325143735522074
vn 0.8821802736975125 0.47091163917428625 -0.0004390776344254023
usemtl none
f 1484/5577/1395 1485/5578/1395 1486/5579/1395 1487/5580/1395
f 1488/5581/1396 1489/5582/1396 1490/5583/1396 1491/5584/1396
f 1492/5585/1397 1493/5586/1397 1494/5587/1397 1495/5588/1397
f 1484/5589/1398 1487/5590/1398 1496/5591/1398 1497/5592/1398
f 1498/5593/1399 1490/5594/1399 1489/5595/1399 1499/5596/1399
f 1500/5597/1400 1501/5598/1400 1502/5599/1400 1503/5600/1400
f 1504/5601/1401 1505/5602/1401 1506/5603/1401 1507/5604/1401
f 1497/5605/1402 1496/5606/1402 1508/5607/1402 1509/5608/1402
f 1491/5609/1403 1490/5610/1403 1510/5611/1403 1511/5612/1403
f 1512/5613/1404 1486/5614/1404 1505/5615/1404 1504/5616/1404
f 1495/5617/1405 1494/5618/1405 1513/5619/1405 1514/5620/1405
f 1515/5621/1406 1516/5622/1406 1517/5623/1406 1518/5624/1406
f 1519/5625/1407 1493/5626/1407 1520/5627/1407 1521/5628/1407
f 1499/5629/1408 1489/5630/1408 1522/5631/1408 1523/5632/1408
f 1524/5633/1409 1525/5634/1409 1526/5635/1409 1527/5636/1409
f 1523/5637/1410 1522/5638/1410 1525/5639/1410 1524/5640/1410
f 1518/5641/1411 1517/5642/1411 1528/5643/1411 1529/5644/1411
f 1521/5645/1412 1520/5646/1412 1530/5647/1412 1531/5648/1412
f 1527/5649/1413 1526/5650/1413 1532/5651/1413 1533/5652/1413
f 1509/5653/1414 1508/5654/1414 1534/5655/1414 1535/5656/1414
f 1531/5657/1415 1530/5658/1415 1536/5659/1415 1537/5660/1415
f 1529/5661/1416 1528/5662/1416 1538/5663/1416 1539/5664/1416
f 1540/5665/1417 1541/5666/1417 1542/5667/1417 1543/5668/1417
f 1535/5669/1418 1534/5670/1418 1542/5671/1418 1541/5672/1418
f 1537/5673/1419 1536/5674/1419 1544/5675/1419 1545/5676/1419
f 1539/5677/1420 1538/5678/1420 1546/5679/1420 1547/5680/1420
f 1548/5681/1421 1549/5682/1421 1550/5683/1421 1551/5684/1421
f 1503/5685/1422 1502/5686/1422 1552/5687/1422 1553/5688/1422
f 1511/5689/1423 1510/5690/1423 1550/5691/1423 1549/5692/1423
f 1514/5693/1424 1513/5694/1424 1554/5695/1424 1555/5696/1424
f 1502/5697/1425 1556/5698/1425 1557/5699/1425 1552/5700/1425
f 1558/5701/1426 1559/5702/1426 1507/5703/1426 1506/5704/1426
f 1560/5705/1427 1539/5706/1427 1547/5707/1427 1561/5708/1427
f 1562/5709/1428 1540/5710/1428 1543/5711/1428 1563/5712/1428
f 1564/5713/1429 1529/5714/1429 1539/5715/1429 1560/5716/1429
f 1534/5717/1430 1565/5718/1430 1543/5719/1430 1542/5720/1430
f 1566/5721/1431 1518/5722/1431 1529/5723/1431 1564/5724/1431
f 1496/5725/1432 1567/5726/1432 1568/5727/1432 1508/5728/1432
f 1508/5729/1433 1568/5730/1433 1565/5731/1433 1534/5732/1433
f 1487/5733/1434 1569/5734/1434 1567/5735/1434 1496/5736/1434
f 1570/5737/1435 1515/5738/1435 1518/5739/1435 1566/5740/1435
f 1501/5741/1436 1571/5742/1436 1556/5743/1436 1502/5744/1436
f 1572/5745/1437 1512/5746/1437 1504/5747/1437 1573/5748/1437
f 1573/5749/1438 1504/5750/1438 1507/5751/1438 1574/5752/1438
f 1486/5753/1439 1512/5754/1439 1569/5755/1439 1487/5756/1439
f 1516/5757/1440 1515/5758/1440 1571/5759/1440 1501/5760/1440
f 1575/5761/1441 1576/5762/1441 1577/5763/1441 1578/5764/1441
f 1553/5765/1442 1579/5766/1442 1580/5767/1442 1581/5768/1442
f 1582/5769/1443 1583/5770/1443 1584/5771/1443 1585/5772/1443
f 1586/5773/1444 1587/5774/1444 1581/5775/1444 1558/5776/1444
f 1588/5777/1445 1585/5778/1445 1584/5779/1445 1589/5780/1445
f 1590/5781/1446 1591/5782/1446 1592/5783/1446 1593/5784/1446
f 1594/5785/1447 1595/5786/1447 1596/5787/1447 1597/5788/1447
f 1576/5789/1448 1597/5790/1448 1596/5791/1448 1577/5792/1448
f 1598/5793/1449 1599/5794/1449 1591/5795/1449 1590/5796/1449
f 1600/5797/1450 1601/5798/1450 1595/5799/1450 1594/5800/1450
f 1602/5801/1451 1603/5802/1451 1599/5803/1451 1598/5804/1451
f 1488/5805/1452 1604/5806/1452 1603/5807/1452 1602/5808/1452
f 1605/5809/1453 1606/5810/1453 1583/5811/1453 1582/5812/1453
f 1607/5813/1454 1608/5814/1454 1601/5815/1454 1600/5816/1454
f 1485/5817/1455 1609/5818/1455 1587/5819/1455 1586/5820/1455
f 1610/5821/1456 1611/5822/1456 1608/5823/1456 1607/5824/1456
f 1519/5825/1457 1604/5826/1457 1606/5827/1457 1605/5828/1457
f 1610/5829/1458 1500/5830/1458 1609/5831/1458 1611/5832/1458
f 1579/5833/1459 1612/5834/1459 1613/5835/1459 1580/5836/1459
f 1614/5837/1460 1575/5838/1460 1578/5839/1460 1615/5840/1460
f 1616/5841/1461 1573/5842/1461 1574/5843/1461 1617/5844/1461
f 1618/5845/1462 1572/5846/1462 1573/5847/1462 1616/5848/1462
f 1619/5849/1463 1570/5850/1463 1566/5851/1463 1620/5852/1463
f 1620/5853/1464 1566/5854/1464 1564/5855/1464 1621/5856/1464
f 1621/5857/1465 1564/5858/1465 1560/5859/1465 1622/5860/1465
f 1623/5861/1466 1562/5862/1466 1563/5863/1466 1624/5864/1466
f 1622/5865/1467 1560/5866/1467 1561/5867/1467 1625/5868/1467
f 1556/5869/1468 1626/5870/1468 1627/5871/1468 1557/5872/1468
f 1559/5873/1469 1628/5874/1469 1574/5875/1469 1507/5876/1469
f 1565/5877/1470 1629/5878/1470 1563/5879/1470 1543/5880/1470
f 1567/5881/1471 1630/5882/1471 1631/5883/1471 1568/5884/1471
f 1568/5885/1472 1631/5886/1472 1629/5887/1472 1565/5888/1472
f 1569/5889/1473 1632/5890/1473 1630/5891/1473 1567/5892/1473
f 1571/5893/1474 1633/5894/1474 1626/5895/1474 1556/5896/1474
f 1512/5897/1475 1572/5898/1475 1632/5899/1475 1569/5900/1475
f 1515/5901/1476 1570/5902/1476 1633/5903/1476 1571/5904/1476
f 1634/5905/1477 1622/5906/1477 1625/5907/1477 1635/5908/1477
f 1636/5909/1478 1623/5910/1478 1624/5911/1478 1533/5912/1478
f 1637/5913/1479 1621/5914/1479 1622/5915/1479 1634/5916/1479
f 1638/5917/1480 1620/5918/1480 1621/5919/1480 1637/5920/1480
f 1492/5921/1481 1619/5922/1481 1620/5923/1481 1638/5924/1481
f 1498/5925/1482 1618/5926/1482 1616/5927/1482 1639/5928/1482
f 1639/5929/1483 1616/5930/1483 1617/5931/1483 1551/5932/1483
f 1640/5933/1484 1614/5934/1484 1615/5935/1484 1641/5936/1484
f 1612/5937/1485 1642/5938/1485 1643/5939/1485 1613/5940/1485
f 1626/5941/1486 1644/5942/1486 1645/5943/1486 1627/5944/1486
f 1628/5945/1487 1646/5946/1487 1617/5947/1487 1574/5948/1487
f 1629/5949/1488 1647/5950/1488 1624/5951/1488 1563/5952/1488
f 1630/5953/1489 1648/5954/1489 1649/5955/1489 1631/5956/1489
f 1631/5957/1490 1649/5958/1490 1647/5959/1490 1629/5960/1490
f 1632/5961/1491 1650/5962/1491 1648/5963/1491 1630/5964/1491
f 1633/5965/1492 1651/5966/1492 1644/5967/1492 1626/5968/1492
f 1572/5969/1493 1618/5970/1493 1650/5971/1493 1632/5972/1493
f 1570/5973/1494 1619/5974/1494 1651/5975/1494 1633/5976/1494
f 1613/5977/1495 1643/5978/1495 1646/5979/1495 1628/5980/1495
f 1641/5981/1496 1615/5982/1496 1623/5983/1496 1636/5984/1496
f 1580/5985/1497 1613/5986/1497 1628/5987/1497 1559/5988/1497
f 1615/5989/1498 1578/5990/1498 1562/5991/1498 1623/5992/1498
f 1486/5993/1499 1485/5994/1499 1586/5995/1499 1505/5996/1499
f 1489/5997/1500 1488/5998/1500 1602/5999/1500 1522/6000/1500
f 1522/6001/1501 1602/6002/1501 1598/6003/1501 1525/6004/1501
f 1525/6005/1502 1598/6006/1502 1590/6007/1502 1526/6008/1502
f 1526/6009/1503 1590/6010/1503 1593/6011/1503 1532/6012/1503
f 1505/6013/1504 1586/6014/1504 1558/6015/1504 1506/6016/1504
f 1578/6017/1505 1577/6018/1505 1540/6019/1505 1562/6020/1505
f 1581/6021/1506 1580/6022/1506 1559/6023/1506 1558/6024/1506
f 1583/6025/1507 1511/6026/1507 1549/6027/1507 1584/6028/1507
f 1589/6029/1508 1584/6030/1508 1549/6031/1508 1548/6032/1508
f 1595/6033/1509 1535/6034/1509 1541/6035/1509 1596/6036/1509
f 1577/6037/1510 1596/6038/1510 1541/6039/1510 1540/6040/1510
f 1601/6041/1511 1509/6042/1511 1535/6043/1511 1595/6044/1511
f 1606/6045/1512 1491/6046/1512 1511/6047/1512 1583/6048/1512
f 1608/6049/1513 1497/6050/1513 1509/6051/1513 1601/6052/1513
f 1611/6053/1514 1484/6054/1514 1497/6055/1514 1608/6056/1514
f 1604/6057/1515 1488/6058/1515 1491/6059/1515 1606/6060/1515
f 1611/6061/1516 1609/6062/1516 1485/6063/1516 1484/6064/1516
f 1627/6065/1517 1645/6066/1517 1642/6067/1517 1612/6068/1517
f 1635/6069/1518 1625/6070/1518 1614/6071/1518 1640/6072/1518
f 1625/6073/1519 1561/6074/1519 1575/6075/1519 1614/6076/1519
f 1557/6077/1520 1627/6078/1520 1612/6079/1520 1579/6080/1520
f 1516/6081/1521 1501/6082/1521 1500/6083/1521 1610/6084/1521
f 1493/6085/1522 1519/6086/1522 1605/6087/1522 1494/6088/1522
f 1516/6089/1523 1610/6090/1523 1607/6091/1523 1517/6092/1523
f 1517/6093/1524 1607/6094/1524 1600/6095/1524 1528/6096/1524
f 1494/6097/1525 1605/6098/1525 1582/6099/1525 1513/6100/1525
f 1528/6101/1526 1600/6102/1526 1594/6103/1526 1538/6104/1526
f 1547/6105/1527 1546/6106/1527 1597/6107/1527 1576/6108/1527
f 1538/6109/1528 1594/6110/1528 1597/6111/1528 1546/6112/1528
f 1555/6113/1529 1554/6114/1529 1585/6115/1529 1588/6116/1529
f 1513/6117/1530 1582/6118/1530 1585/6119/1530 1554/6120/1530
f 1552/6121/1531 1557/6122/1531 1579/6123/1531 1553/6124/1531
f 1561/6125/1532 1547/6126/1532 1576/6127/1532 1575/6128/1532
f 1587/6129/1533 1503/6130/1533 1553/6131/1533 1581/6132/1533
f 1591/6133/1534 1537/6134/1534 1545/6135/1534 1592/6136/1534
f 1599/6137/1535 1531/6138/1535 1537/6139/1535 1591/6140/1535
f 1603/6141/1536 1521/6142/1536 1531/6143/1536 1599/6144/1536
f 1604/6145/1537 1519/6146/1537 1521/6147/1537 1603/6148/1537
f 1609/6149/1538 1500/6150/1538 1503/6151/1538 1587/6152/1538
f 1645/6153/1539 1555/6154/1539 1588/6155/1539 1642/6156/1539
f 1544/6157/1540 1635/6158/1540 1640/6159/1540 1545/6160/1540
f 1643/6161/1541 1589/6162/1541 1548/6163/1541 1646/6164/1541
f 1592/6165/1542 1641/6166/1542 1636/6167/1542 1593/6168/1542
f 1545/6169/1543 1640/6170/1543 1641/6171/1543 1592/6172/1543
f 1510/6173/1544 1639/6174/1544 1551/6175/1544 1550/6176/1544
f 1490/6177/1545 1498/6178/1545 1639/6179/1545 1510/6180/1545
f 1493/6181/1546 1492/6182/1546 1638/6183/1546 1520/6184/1546
f 1520/6185/1547 1638/6186/1547 1637/6187/1547 1530/6188/1547
f 1530/6189/1548 1637/6190/1548 1634/6191/1548 1536/6192/1548
f 1593/6193/1549 1636/6194/1549 1533/6195/1549 1532/6196/1549
f 1536/6197/1550 1634/6198/1550 1635/6199/1550 1544/6200/1550
f 1642/6201/1551 1588/6202/1551 1589/6203/1551 1643/6204/1551
f 1644/6205/1552 1514/6206/1552 1555/6207/1552 1645/6208/1552
f 1646/6209/1553 1548/6210/1553 1551/6211/1553 1617/6212/1553
f 1647/6213/1554 1527/6214/1554 1533/6215/1554 1624/6216/1554
f 1648/6217/1555 1523/6218/1555 1524/6219/1555 1649/6220/1555
f 1649/6221/1556 1524/6222/1556 1527/6223/1556 1647/6224/1556
f 1650/6225/1557 1499/6226/1557 1523/6227/1557 1648/6228/1557
f 1651/6229/1558 1495/6230/1558 1514/6231/1558 1644/6232/1558
f 1618/6233/1559 1498/6234/1559 1499/6235/1559 1650/6236/1559
f 1619/6237/1560 1492/6238/1560 1495/6239/1560 1651/6240/1560